date,swing_K,symbol,direction,gov_checkpoint,rank_at_cp,trigger_time,entry_price,level_price,atr_ratio,pos_vs_open,stop_price,stop_source,stop_dist_pct,qual_huge,qual_stop,filterA_ok,rolling_ok,R_unit,target_price,be_price,exit_time,exit_price,exit_reason,realized_R,tie_stopfirst
2025-06-30,4,360ONE,short,10:15,4,10:20,1191.35,1191.45,0.47161734651438947,below,1197.45,third_back,0.005120241742561075,True,True,True,True,6.100000000000136,1173.0499999999995,1179.1499999999996,10:55,1191.35,breakeven,-0.0,False
2025-07-01,4,IDFCFIRSTB,long,12:15,4,12:15,76.29,76.2,1.143816710772716,above,75.97,third_back,0.0041945209070652426,True,True,True,True,0.3200000000000074,77.25000000000003,76.93000000000002,15:00,77.17,time,2.7499999999999223,False
2025-07-02,4,GMRAIRPORT,long,10:15,1,10:20,88.5,88.46,1.52559004926432,above,87.87,third_back,0.007118644067796559,True,True,True,True,0.6299999999999955,90.38999999999999,89.75999999999999,12:55,87.87,stop,-1.0,False
2025-07-03,4,BLUESTARCO,long,10:30,3,10:40,1831.3,1827.3,0.9413809330141135,above,1816.0,third_back,0.008354720690220037,True,True,True,True,15.299999999999955,1877.1999999999998,1861.8999999999999,15:00,1837.9,time,0.431372549019618,False
2025-07-04,4,BOSCHLTD,long,10:15,1,10:20,35695.0,35670.0,0.8724368362434685,above,35420.0,third_back,0.007704160246533128,True,True,True,True,275.0,36520.0,36245.0,11:40,35420.0,stop,-1.0,False
2025-07-07,4,DABUR,long,11:00,2,11:10,515.2,515.0,0.5033284179933808,above,511.15,swing_body,0.007861024844720628,True,True,True,True,4.050000000000068,527.3500000000003,523.3000000000002,14:00,511.15,stop,-1.0,False
2025-07-08,4,TITAN,short,10:45,1,10:45,3467.2,3471.7,0.8385380372741612,below,3479.9,third_back,0.0036628980156899727,True,True,True,True,12.700000000000273,3429.099999999999,3441.7999999999993,11:35,3479.9,stop,-1.0,False
2025-07-09,4,CUMMINSIND,long,11:15,4,11:15,3546.0,3542.5,1.701052956741954,above,3535.6,swing_body,0.0029328821206994053,True,True,True,True,10.400000000000091,3577.2000000000003,3566.8,11:25,3535.6,stop,-1.0,False
2025-07-10,4,GLENMARK,long,10:15,3,10:20,1863.8,1862.8,0.8508025189135136,above,1856.7,third_back,0.0038094216117608697,True,True,True,True,7.099999999999909,1885.0999999999997,1877.9999999999998,11:30,1885.0999999999997,target,3.0,False
2025-07-11,4,HINDUNILVR,long,10:30,2,10:40,2525.8,2525.0,0.7932628978827887,above,2515.0,third_back,0.00427587299073568,True,True,True,True,10.800000000000182,2558.2000000000007,2547.4000000000005,13:15,2515.0,stop,-1.0,False
2025-07-14,4,DMART,short,11:15,4,11:15,4010.1,4011.2,0.374514081446155,below,4030.0,third_back,0.004962469763846311,True,True,True,True,19.90000000000009,3950.3999999999996,3970.2999999999997,12:50,4030.0,stop,-1.0,False
2025-07-15,4,TATAELXSI,long,11:15,3,11:25,6374.5,6373.5,0.7223754088245784,above,6342.0,swing_body,0.005098439093262216,True,True,True,True,32.5,6472.0,6439.5,13:20,6342.0,stop,-1.0,False
2025-07-16,4,ICICIPRULI,short,10:30,4,10:40,653.85,654.1,1.0772506411808003,below,658.0,third_back,0.0063470214881088585,True,True,True,True,4.149999999999977,641.4000000000001,645.5500000000001,15:00,648.8,time,1.2168674698795412,False
2025-07-17,4,TECHM,long,11:00,3,11:10,1584.4,1583.0,0.6842216582614282,above,1579.0,third_back,0.003408230244887712,True,True,True,True,5.400000000000091,1600.6000000000004,1595.2000000000003,11:25,1579.0,stop,-1.0,False
2025-07-18,4,AXISBANK,long,10:00,1,10:05,1115.1,1114.6,0.6543723272697355,above,1112.5,third_back,0.0023316294502734366,True,True,True,True,2.599999999999909,1122.8999999999996,1120.2999999999997,10:20,1112.5,stop,-1.0,False
2025-07-21,4,NATIONALUM,long,10:15,3,10:15,194.21,194.0,0.8982787892582292,above,193.14,third_back,0.005509500025745438,True,True,True,True,1.0700000000000216,197.42000000000007,196.35000000000005,15:00,194.52,time,0.28971962616822056,False
2025-07-22,4,ETERNAL,long,11:30,2,11:40,297.05,295.95,0.999303349029033,above,294.3,swing_body,0.009257700723783874,True,True,True,True,2.75,305.3,302.55,13:00,305.3,target,3.0,False
2025-07-23,4,OBEROIRLTY,short,11:15,2,11:20,1756.3,1757.4,1.1375287877269935,below,1761.6,third_back,0.0030177076809200904,True,True,True,True,5.2999999999999545,1740.4,1745.7,12:15,1761.6,stop,-1.0,False
2025-07-24,4,TATACONSUM,short,10:00,1,10:05,1071.1,1071.2,0.5191287143032353,below,1076.0,third_back,0.0045747362524508365,True,True,True,True,4.900000000000091,1056.3999999999996,1061.2999999999997,10:25,1076.0,stop,-1.0,False
2025-07-25,4,PHOENIXLTD,long,11:45,2,11:55,1533.3,1532.4,1.0774745321196377,above,1518.4,swing_body,0.009717602556577228,True,True,True,True,14.899999999999864,1577.9999999999995,1563.0999999999997,15:00,1526.3,time,-0.4697986577181251,False
2025-07-28,4,KOTAKBANK,short,10:30,1,10:40,397.5,397.6,0.38349538851579046,below,398.6,swing_body,0.002767295597484334,True,True,True,True,1.1000000000000227,394.19999999999993,395.29999999999995,11:15,398.6,stop,-1.0,False
2025-07-29,4,TORNTPHARM,long,11:15,2,11:20,3748.8,3745.0,1.703411575747147,above,3731.7,third_back,0.0045614596670935665,True,True,True,True,17.100000000000364,3800.1000000000013,3783.000000000001,14:00,3748.8,breakeven,0.0,False
2025-07-30,4,BANKINDIA,long,10:45,4,10:50,111.9,111.69,0.8050418596569459,above,111.28,swing_body,0.005540661304736412,True,True,True,True,0.6200000000000045,113.76000000000002,113.14000000000001,13:45,111.28,stop,-1.0,False
2025-07-31,4,JIOFIN,long,11:00,3,11:00,329.8,329.7,0.9076982727579929,above,328.55,third_back,0.003790175864160097,True,True,True,True,1.25,333.55,332.3,11:35,328.55,stop,-1.0,False
2025-08-01,4,RADICO,long,10:15,2,10:20,2879.4,2866.1,1.7844489784634356,above,2858.9,third_back,0.007119538792804056,True,True,True,True,20.5,2940.9,2920.4,11:45,2879.4,breakeven,0.0,False
2025-08-04,4,DELHIVERY,long,10:30,3,10:30,452.5,451.15,0.7625036381653691,above,450.0,third_back,0.0055248618784530384,True,True,True,True,2.5,460.0,457.5,14:55,460.0,target,3.0,False
2025-08-05,4,GODFRYPHLP,long,11:00,3,11:05,3286.0,3279.0,0.8462019849933982,above,3273.0,swing_body,0.003956177723676202,True,True,True,True,13.0,3325.0,3312.0,15:00,3294.0,time,0.6153846153846154,False
2025-08-06,4,BRITANNIA,short,10:30,3,10:35,5504.0,5517.5,1.8494268741616462,below,5540.0,third_back,0.006540697674418605,True,True,True,True,36.0,5396.0,5432.0,12:05,5396.0,target,3.0,False
2025-08-07,4,KOTAKBANK,long,10:30,3,10:35,396.4,396.3,0.32394561001202926,above,396.0,third_back,0.001009081735620528,True,True,True,True,0.39999999999997726,397.5999999999999,397.19999999999993,10:40,396.0,stop,-1.0,False
2025-08-08,4,LICI,short,10:00,3,10:10,458.0,458.2,1.7328048823788655,above,459.6,third_back,0.003493449781659438,True,True,True,True,1.6000000000000227,453.19999999999993,454.79999999999995,10:25,459.6,stop,-1.0,False
2025-08-11,4,MANAPPURAM,short,11:30,3,11:30,262.75,262.8,1.0080289175563835,above,264.15,third_back,0.005328258801141683,True,True,True,True,1.3999999999999773,258.55000000000007,259.95000000000005,14:10,258.55000000000007,target,3.0,False
2025-08-12,4,ASTRAL,short,11:45,1,11:45,1277.4,1281.0,1.4366422540195585,below,1289.9,swing_body,0.00978550180053233,True,True,True,True,12.5,1239.9,1252.4,15:00,1269.7,time,0.6160000000000037,False
2025-08-13,4,APOLLOHOSP,long,10:15,3,10:15,7684.0,7682.0,0.5885642151041187,above,7670.0,third_back,0.0018219677251431546,True,True,True,True,14.0,7726.0,7712.0,10:35,7684.0,breakeven,0.0,False
2025-08-14,4,ADANIENSOL,short,10:45,3,10:50,784.6,784.7,0.5524655411828392,below,788.3,third_back,0.004715778740759536,True,True,True,True,3.699999999999932,773.5000000000002,777.2000000000002,15:00,778.0,time,1.7837837837838229,False
2025-08-18,4,MARUTI,long,10:30,3,10:30,13900.0,13890.0,0.589508719063317,above,13859.0,third_back,0.002949640287769784,True,True,True,True,41.0,14023.0,13982.0,11:15,14023.0,target,3.0,False
2025-08-19,4,VEDL,long,10:15,4,10:15,226.65,226.35,0.8491050020010823,above,225.9,third_back,0.0033090668431502318,True,True,True,True,0.75,228.9,228.15,15:00,227.1,time,0.5999999999999849,False
2025-08-20,4,DABUR,long,10:30,1,10:30,530.05,528.55,1.5994685603070267,above,527.05,third_back,0.005659843410998963,True,True,True,True,3.0,539.05,536.05,10:45,527.05,stop,-1.0,False
2025-08-21,4,BAJAJFINSV,short,11:00,4,11:10,1980.2,1981.2,0.329274226962109,below,1985.7,swing_body,0.0027774972225027774,True,True,True,True,5.5,1963.7,1969.2,12:55,1985.7,stop,-1.0,False
2025-08-22,4,WIPRO,short,10:15,2,10:15,241.75,241.85,0.8176229264144441,below,242.05,third_back,0.0012409513960703676,True,True,True,True,0.30000000000001137,240.84999999999997,241.14999999999998,10:20,242.05,stop,-1.0,False
2025-08-25,4,YESBANK,short,11:00,1,11:10,19.66,19.68,1.120277777320328,below,19.72,swing_body,0.003051881993896171,True,True,True,True,0.05999999999999872,19.480000000000004,19.540000000000003,15:00,19.56,time,1.6666666666667258,False
2025-08-26,4,IDEA,short,10:30,2,10:40,6.63,6.64,0.7464441129535755,below,6.66,third_back,0.004524886877828092,True,True,True,True,0.03000000000000025,6.539999999999999,6.569999999999999,10:45,6.66,stop,-1.0,False
2025-08-28,4,INDIGO,short,11:15,1,11:25,5789.0,5789.5,0.4779889771619955,below,5796.0,third_back,0.0012091898428053204,True,True,True,True,7.0,5768.0,5775.0,11:45,5768.0,target,3.0,False
2025-08-29,4,RBLBANK,long,10:15,1,10:20,262.1,261.5,1.2070868729424915,above,260.35,third_back,0.006676840900419687,True,True,True,True,1.75,267.35,265.6,11:40,267.35,target,3.0,False
2025-09-01,4,PREMIERENE,long,10:00,3,10:10,1019.9,1019.6,1.0973346955807708,above,1013.0,third_back,0.00676536915383859,True,True,True,True,6.899999999999977,1040.6,1033.6999999999998,10:40,1013.0,stop,-1.0,False
2025-09-03,4,NATIONALUM,long,11:00,2,11:00,205.73,205.47,1.8975196942355328,above,204.41,third_back,0.00641617654206967,True,True,True,True,1.3199999999999932,209.68999999999997,208.36999999999998,15:00,206.83,time,0.8333333333333549,False
2025-09-04,4,AMBUJACEM,short,10:30,4,10:40,570.5,570.9,0.45310994701975643,below,571.65,third_back,0.0020157756354074975,True,True,True,True,1.1499999999999773,567.0500000000001,568.2,10:45,571.65,stop,-1.0,False
2025-09-05,4,DALBHARAT,long,10:45,1,10:45,2411.1,2410.9,0.2637137702306527,above,2405.1,third_back,0.0024884907303720297,True,True,True,True,6.0,2429.1,2423.1,11:50,2411.1,breakeven,0.0,False
2025-09-08,4,SAIL,short,11:15,2,11:25,132.89,132.9,0.4457049709843171,above,133.55,third_back,0.004966513657912748,True,True,True,True,0.660000000000025,130.9099999999999,131.56999999999994,15:00,131.8,time,1.651515151515051,False
2025-09-09,4,TIINDIA,long,10:45,1,10:50,3126.0,3120.9,1.064022266771889,above,3103.2,third_back,0.007293666026871459,True,True,True,True,22.800000000000182,3194.4000000000005,3171.6000000000004,15:00,3151.1,time,1.1008771929824435,False
2025-09-10,4,KOTAKBANK,short,11:15,2,11:25,395.1,395.2,0.5257425493626809,below,396.9,swing_body,0.004555808656036331,True,True,True,True,1.7999999999999545,389.70000000000016,391.5000000000001,15:00,393.8,time,0.7222222222222467,False
2025-09-11,4,BHEL,long,10:15,4,10:20,226.5,226.25,1.5604750188947436,above,224.52,third_back,0.00874172185430459,True,True,True,True,1.9799999999999898,232.43999999999997,230.45999999999998,15:00,228.42,time,0.9696969696969684,False
2025-09-12,4,LODHA,short,10:15,3,10:15,1177.0,1178.2,0.9134541726853411,below,1188.0,swing_body,0.009345794392523364,True,True,True,True,11.0,1144.0,1155.0,15:00,1166.5,time,0.9545454545454546,False
2025-09-15,4,IREDA,long,12:15,3,12:25,153.29,152.77,1.860897621454144,above,152.5,third_back,0.00515363037380124,True,True,True,True,0.789999999999992,155.65999999999997,154.86999999999998,13:40,152.5,stop,-1.0,False
2025-09-16,4,NAUKRI,short,10:30,2,10:40,1361.3,1361.9,0.3706034974468484,below,1364.7,swing_body,0.00249761257621398,True,True,True,True,3.400000000000091,1351.0999999999997,1354.4999999999998,12:55,1351.0999999999997,target,3.0,False
2025-09-17,4,IEX,long,11:15,4,11:15,151.34,151.28,0.6449280137482366,above,150.02,swing_body,0.008722082727633099,True,True,True,True,1.3199999999999932,155.29999999999998,153.98,14:00,150.02,stop,-1.0,False
2025-09-18,4,CAMS,long,11:00,2,11:10,812.6,812.5,0.4849200615278599,above,814.1,swing_body,0.0018459266551809008,True,True,True,True,1.5,817.1,815.6,11:15,814.1,stop,1.0,False
2025-09-19,4,ADANIENSOL,short,10:00,2,10:05,861.95,862.9,0.4293866027842642,below,865.0,third_back,0.0035384883113869186,True,True,True,True,3.0499999999999545,852.8000000000002,855.8500000000001,12:25,861.95,breakeven,-0.0,False
2025-09-22,4,ADANIGREEN,long,10:30,2,10:30,1078.2,1077.0,0.7906189826154557,above,1070.5,third_back,0.007141532183268452,True,True,True,True,7.7000000000000455,1101.3000000000002,1093.6000000000001,11:05,1101.3000000000002,target,3.0,False
2025-09-23,4,TORNTPHARM,long,10:15,3,10:25,3674.8,3672.9,0.5183824184205964,below,3666.4,swing_body,0.0022858386850985336,True,True,True,True,8.400000000000091,3700.0000000000005,3691.6000000000004,13:05,3666.4,stop,-1.0,False
2025-09-24,4,ADANIGREEN,short,10:00,4,10:05,1101.0,1102.9,0.5960189901147976,below,1107.0,third_back,0.005449591280653951,True,True,True,True,6.0,1083.0,1089.0,10:20,1107.0,stop,-1.0,False
2025-09-25,4,OIL,long,10:45,2,10:50,421.35,420.95,1.0512841818051133,above,419.8,third_back,0.003678651952058885,True,True,True,True,1.5500000000000114,426.00000000000006,424.45000000000005,11:25,419.8,stop,-1.0,False
2025-09-26,4,ICICIBANK,short,10:45,3,10:55,1360.2,1361.4,0.7307143951564066,below,1366.9,third_back,0.004925746213792123,True,True,True,True,6.7000000000000455,1340.1,1346.8,15:00,1359.7,time,0.07462686567164128,False
2025-09-29,4,PETRONET,long,11:00,3,11:00,268.5,268.35,1.0956981835583344,above,268.0,third_back,0.00186219739292365,True,True,True,True,0.5,270.0,269.5,11:10,268.0,stop,-1.0,False
2025-09-30,4,LICHSGFIN,long,10:15,4,10:25,568.85,568.65,0.7280606315443182,above,567.75,third_back,0.001933725938296603,True,True,True,True,1.1000000000000227,572.1500000000001,571.0500000000001,10:45,567.75,stop,-1.0,False
2025-10-01,4,RBLBANK,short,10:00,1,10:00,269.15,269.9,0.809795944610884,below,270.1,third_back,0.0035296303176668977,True,True,True,True,0.9500000000000455,266.29999999999984,267.2499999999999,10:10,266.29999999999984,target,3.0,False
2025-10-03,4,BAJAJHLDNG,short,10:00,1,10:00,11896.0,11899.0,0.5993807493183553,below,11910.0,third_back,0.0011768661735036988,True,True,True,True,14.0,11854.0,11868.0,10:10,11854.0,target,3.0,False
2025-10-06,4,DELHIVERY,long,11:00,2,11:05,457.1,456.3,0.8397460435576989,above,455.05,third_back,0.0044847954495734225,True,True,True,True,2.0500000000000114,463.25000000000006,461.20000000000005,11:45,455.05,stop,-1.0,False
2025-10-07,4,FEDERALBNK,long,10:30,2,10:40,199.36,199.27,1.9968683568220125,above,198.21,third_back,0.005768459069020895,True,True,True,True,1.1500000000000057,202.81000000000003,201.66000000000003,15:00,199.38,time,0.017391304347810183,False
2025-10-08,4,CROMPTON,short,10:00,4,10:10,286.65,287.1,1.3903569747266589,below,288.2,third_back,0.005407291121576876,True,True,True,True,1.5500000000000114,281.99999999999994,283.54999999999995,15:00,286.0,time,0.41935483870965967,False
2025-10-09,4,AUROPHARMA,long,10:00,4,10:10,1115.9,1112.9,1.3839538418658732,above,1106.6,third_back,0.00833408011470578,True,True,True,True,9.300000000000182,1143.8000000000006,1134.5000000000005,10:50,1106.6,stop,-1.0,False
2025-10-10,4,YESBANK,long,11:45,1,11:50,23.99,23.95,1.1660466922746555,above,23.88,third_back,0.004585243851604812,True,True,True,True,0.10999999999999943,24.319999999999997,24.209999999999997,12:45,23.88,stop,-1.0,False
2025-10-13,4,MCX,long,11:00,4,11:00,1789.0,1787.0,1.4574764172969448,above,1773.0,third_back,0.008943543879262158,True,True,True,True,16.0,1837.0,1821.0,12:15,1773.0,stop,-1.0,False
2025-10-15,4,PERSISTENT,long,10:00,2,10:05,5699.2,5688.4,1.354999641230093,above,5661.2,third_back,0.006667602470522178,True,True,True,True,38.0,5813.2,5775.2,11:05,5661.2,stop,-1.0,False
2025-10-16,4,HDFCAMC,long,10:00,3,10:10,2801.2,2796.3,0.8844267156533816,below,2788.0,third_back,0.0047122661716406606,True,True,True,True,13.199999999999818,2840.7999999999993,2827.5999999999995,10:20,2840.7999999999993,target,3.0,False
2025-10-17,4,NESTLEIND,long,10:45,2,10:55,1297.8,1297.5,0.5773082001434584,above,1289.5,third_back,0.006395438434273351,True,True,True,True,8.299999999999955,1322.6999999999998,1314.3999999999999,11:40,1289.5,stop,-1.0,False
2025-10-20,4,FEDERALBNK,long,11:30,2,11:35,228.0,227.94,0.7431979341027688,above,227.28,third_back,0.0031578947368421004,True,True,True,True,0.7199999999999989,230.16,229.44,11:45,227.28,stop,-1.0,False
2025-10-23,4,BHARATFORG,long,10:00,1,10:05,1300.5,1299.1,0.43729514263220726,above,1295.1,third_back,0.004152249134948167,True,True,True,True,5.400000000000091,1316.7000000000003,1311.3000000000002,15:00,1301.4,time,0.1666666666666807,False
2025-10-24,4,COLPAL,short,10:30,4,10:35,2206.9,2209.6,0.42544244381665614,below,2209.9,third_back,0.0013593728759798813,True,True,True,True,3.0,2197.9,2200.9,10:40,2209.9,stop,-1.0,False
2025-10-27,4,SBILIFE,long,11:15,4,11:20,1902.3,1899.0,1.1806678348856705,above,1897.7,third_back,0.002418125427114498,True,True,True,True,4.599999999999909,1916.0999999999997,1911.4999999999998,12:10,1897.7,stop,-1.0,False
2025-10-28,4,SUPREMEIND,short,11:15,1,11:25,3837.7,3839.0,0.5070424776296615,below,3864.2,swing_body,0.006905177580321547,True,True,True,True,26.5,3758.2,3784.7,15:00,3815.0,time,0.8566037735848988,False
2025-10-29,4,NAM-INDIA,long,11:45,3,11:55,860.0,858.3,1.7654436387465189,below,855.0,third_back,0.005813953488372093,True,True,True,True,5.0,875.0,870.0,14:45,855.0,stop,-1.0,False
2025-10-30,4,LICHSGFIN,short,12:00,4,12:05,570.05,571.3,1.8419715248675077,below,575.4,third_back,0.009385141654240897,True,True,True,True,5.350000000000023,553.9999999999999,559.3499999999999,15:00,568.3,time,0.32710280373831635,False
2025-11-03,4,GODREJCP,long,11:00,4,11:05,1170.1,1169.5,0.46491610483169,above,1166.5,swing_body,0.003076660114520049,True,True,True,True,3.599999999999909,1180.8999999999996,1177.2999999999997,11:20,1166.5,stop,-1.0,False
2025-11-04,4,TATACONSUM,short,10:15,2,10:15,1162.0,1164.0,0.9221257955652105,below,1166.6,third_back,0.003958691910499061,True,True,True,True,4.599999999999909,1148.2000000000003,1152.8000000000002,10:45,1166.6,stop,-1.0,False
2025-11-06,4,BRITANNIA,short,10:45,3,10:45,6065.0,6069.0,0.4589520965382327,below,6097.5,third_back,0.0053586150041220115,True,True,True,True,32.5,5967.5,6000.0,15:00,6026.5,time,1.1846153846153846,False
2025-11-07,4,BHARTIARTL,short,10:30,1,10:40,2007.5,2008.8,0.7266165014534951,below,2013.4,third_back,0.002938978829389834,True,True,True,True,5.900000000000091,1989.7999999999997,1995.6999999999998,15:00,2001.4,time,1.0338983050847144,False
2025-11-10,4,TRENT,short,10:15,2,10:25,2875.7,2876.7,0.49721997287159003,below,2878.4,third_back,0.0009389018325973756,True,True,True,True,2.700000000000273,2867.599999999999,2870.2999999999993,10:30,2878.4,stop,-1.0,False
2025-11-11,4,BRITANNIA,long,10:00,1,10:05,5826.0,5816.5,0.7655212613072299,below,5798.0,third_back,0.004806041881222108,True,True,True,True,28.0,5910.0,5882.0,13:35,5910.0,target,3.0,False
2025-11-12,4,FORTIS,short,10:00,4,10:10,956.5,957.4,0.5496405122706557,below,962.5,third_back,0.006272869837950863,True,True,True,True,6.0,938.5,944.5,10:25,962.5,stop,-1.0,False
2025-11-13,4,PRESTIGE,long,10:15,4,10:15,1761.0,1760.8,0.8649996182248283,above,1754.3,third_back,0.003804656445201616,True,True,True,True,6.7000000000000455,1781.1000000000001,1774.4,10:20,1754.3,stop,-1.0,False
2025-11-14,4,BDL,long,12:00,4,12:00,1621.7,1620.2,1.1469569791911904,above,1610.5,swing_body,0.0069063328605784334,True,True,True,True,11.200000000000045,1655.3000000000002,1644.1000000000001,13:20,1610.5,stop,-1.0,False
2025-11-17,4,MARICO,short,10:00,2,10:05,755.8,756.55,0.48805699073215864,above,760.0,third_back,0.005557025668166242,True,True,True,True,4.2000000000000455,743.1999999999998,747.3999999999999,10:35,760.0,stop,-1.0,False
2025-11-18,4,GMRAIRPORT,long,11:00,4,11:10,102.29,102.25,0.4802149634988547,above,102.05,third_back,0.002346270407664572,True,True,True,True,0.2400000000000091,103.01000000000003,102.77000000000002,11:20,102.05,stop,-1.0,False
2025-11-19,4,HCLTECH,long,11:15,1,11:20,1650.1,1650.0,1.829202664533538,above,1641.2,third_back,0.005393612508332746,True,True,True,True,8.899999999999864,1676.7999999999995,1667.8999999999996,15:00,1664.9,time,1.6629213483146528,False
2025-11-20,4,NBCC,short,10:00,2,10:05,114.36,114.65,0.528154391482422,below,114.83,third_back,0.004109828611402578,True,True,True,True,0.46999999999999886,112.95,113.42,10:10,114.83,stop,-1.0,False
2025-11-21,4,RADICO,short,09:45,1,09:55,3387.2,3390.0,0.7939573248101001,below,3395.0,third_back,0.002302786962683096,True,True,True,True,7.800000000000182,3363.7999999999993,3371.5999999999995,10:15,3395.0,stop,-1.0,False
2025-11-24,4,HAL,short,10:00,4,10:05,4448.0,4452.0,0.6278950735508784,above,4467.0,third_back,0.00427158273381295,True,True,True,True,19.0,4391.0,4410.0,13:45,4467.0,stop,-1.0,False
2025-11-25,4,RVNL,short,09:45,1,09:55,316.55,316.75,0.3296647135922052,below,317.65,third_back,0.003474964460590636,True,True,True,True,1.099999999999966,313.2500000000001,314.3500000000001,10:25,317.65,stop,-1.0,False
2025-11-26,4,BHARTIARTL,long,10:45,1,10:45,2125.0,2121.1,1.4157701932181581,above,2115.6,third_back,0.004423529411764749,True,True,True,True,9.400000000000091,2153.2000000000003,2143.8,15:00,2125.0,time,0.0,False
2025-11-27,4,ASHOKLEY,long,10:00,1,10:05,156.28,155.97,1.2351982605190528,above,154.82,third_back,0.009342206296391143,True,True,True,True,1.460000000000008,160.66000000000003,159.20000000000002,15:00,158.72,time,1.6712328767123181,False
2025-11-28,4,SRF,long,10:30,4,10:30,2927.4,2926.5,1.3617880293827491,above,2916.0,third_back,0.003894240623078531,True,True,True,True,11.400000000000091,2961.6000000000004,2950.2000000000003,10:45,2916.0,stop,-1.0,False
2025-12-01,4,IEX,long,10:30,2,10:40,146.8,146.77,0.8028140405232737,above,146.09,third_back,0.0048365122615804355,True,True,True,True,0.710000000000008,148.93000000000004,148.22000000000003,10:50,146.09,stop,-1.0,False
2025-12-02,4,UNIONBANK,long,10:45,1,10:55,158.97,158.59,1.249592640866992,above,157.87,swing_body,0.006919544568157478,True,True,True,True,1.0999999999999943,162.26999999999998,161.17,14:35,157.87,stop,-1.0,False
2025-12-03,4,INDIANB,short,12:15,2,12:25,789.1,789.8,0.4358445943208851,below,793.35,swing_body,0.005385882651121531,True,True,True,True,4.25,776.35,780.6,14:10,793.35,stop,-1.0,False
2025-12-04,4,INDIGO,long,10:00,2,10:00,5550.0,5544.5,0.2645143538295664,above,5542.0,third_back,0.0014414414414414415,True,True,True,True,8.0,5574.0,5566.0,10:05,5542.0,stop,-1.0,False
2025-12-05,4,PATANJALI,long,10:30,2,10:35,539.3,538.6,0.6257345045859134,above,538.35,third_back,0.0017615427405895268,True,True,True,True,0.9499999999999318,542.1499999999997,541.1999999999998,10:45,542.1499999999997,target,3.0,False
2025-12-08,4,KAYNES,short,11:45,2,11:55,4115.0,4127.0,1.2421368754739717,below,4145.0,third_back,0.007290400972053463,True,True,True,True,30.0,4025.0,4055.0,12:35,4025.0,target,3.0,False
2025-12-10,4,HINDZINC,long,10:15,4,10:15,512.7,512.45,0.9445407348808532,above,511.4,third_back,0.0025355958650284146,True,True,True,True,1.3000000000000682,516.6000000000003,515.3000000000002,10:45,511.4,stop,-1.0,False
2025-12-11,4,SWIGGY,long,10:30,4,10:35,406.0,404.9,1.4385529965250023,above,403.45,third_back,0.00628078817733993,True,True,True,True,2.5500000000000114,413.65000000000003,411.1,10:55,403.45,stop,-1.0,False
2025-12-12,4,DALBHARAT,long,10:30,1,10:30,2057.5,2056.0,1.1871152308419446,above,2048.0,third_back,0.004617253948967193,True,True,True,True,9.5,2086.0,2076.5,10:45,2048.0,stop,-1.0,False
2025-12-15,4,HINDZINC,short,10:45,3,10:50,557.0,557.2,0.45183068366230156,below,559.85,third_back,0.005116696588868982,True,True,True,True,2.8500000000000227,548.4499999999999,551.3,11:05,559.85,stop,-1.0,False
2025-12-16,4,SUPREMEIND,long,10:15,3,10:15,3380.6,3371.4,1.2400663824237512,above,3362.2,third_back,0.005442820801041262,True,True,True,True,18.40000000000009,3435.8,3417.4,10:30,3362.2,stop,-1.0,False
2025-12-17,4,POLYCAB,short,11:30,1,11:30,7067.5,7072.5,0.5756061452063398,below,7088.5,third_back,0.0029713477184294306,True,True,True,True,21.0,7004.5,7025.5,11:40,7088.5,stop,-1.0,False
2025-12-18,4,NUVAMA,long,12:30,4,12:30,1470.0,1467.0,1.1509971710584312,above,1461.0,third_back,0.006122448979591836,True,True,True,True,9.0,1497.0,1488.0,14:10,1461.0,stop,-1.0,False
2025-12-19,4,TATAELXSI,long,10:00,4,10:05,5179.5,5165.5,1.4930473241912365,above,5152.0,third_back,0.005309392798532677,True,True,True,True,27.5,5262.0,5234.5,10:35,5262.0,target,3.0,False
2025-12-22,4,SHRIRAMFIN,long,11:00,3,11:00,938.1,936.0,0.8458857207067056,above,933.5,third_back,0.00490352840848526,True,True,True,True,4.600000000000023,951.9000000000001,947.3000000000001,13:20,938.1,breakeven,0.0,False
2025-12-23,4,COALINDIA,long,11:45,3,11:50,400.25,399.8,1.2900762830780454,above,398.7,third_back,0.0038725796377264495,True,True,True,True,1.5500000000000114,404.90000000000003,403.35,15:00,399.65,time,-0.3870967741935602,False
2025-12-24,4,NUVAMA,long,11:15,4,11:20,1507.0,1506.5,1.0134307153414126,above,1497.5,swing_body,0.0063039150630391505,True,True,True,True,9.5,1535.5,1526.0,12:45,1497.5,stop,-1.0,False
2025-12-26,4,RVNL,long,10:00,1,10:00,378.25,376.9,0.999158963711944,above,374.6,third_back,0.009649702577660218,True,True,True,True,3.6499999999999773,389.19999999999993,385.54999999999995,10:40,389.19999999999993,target,3.0,False
2025-12-29,4,IRFC,short,11:00,3,11:00,128.12,128.21,0.4636436418062689,below,128.3,third_back,0.0014049328754293382,True,True,True,True,0.18000000000000682,127.57999999999998,127.75999999999999,11:05,128.3,stop,-1.0,False
2025-12-30,4,INOXWIND,short,10:30,2,10:30,123.12,123.22,0.6541183718896794,below,124.22,swing_body,0.008934372969460641,True,True,True,True,1.0999999999999943,119.82000000000002,120.92000000000002,15:00,121.91,time,1.100000000000013,False
2025-12-31,4,JSWSTEEL,long,10:15,1,10:15,1164.5,1164.4,0.4700769948397617,above,1163.0,third_back,0.0012881064834693002,True,True,True,True,1.5,1169.0,1167.5,10:30,1164.5,breakeven,0.0,False
2026-01-01,4,INDUSTOWER,long,10:15,4,10:20,436.2,435.95,0.6421947633262082,above,434.45,third_back,0.004011921137093076,True,True,True,True,1.75,441.45,439.7,11:50,436.2,breakeven,0.0,False
2026-01-02,4,RECLTD,long,11:30,4,11:35,383.0,382.45,1.007635642314138,above,381.4,third_back,0.004177545691906065,True,True,True,True,1.6000000000000227,387.80000000000007,386.20000000000005,12:35,381.4,stop,-1.0,False
2026-01-05,4,PREMIERENE,short,11:45,1,11:50,797.25,797.6,0.571006909777262,below,801.8,swing_body,0.005707118218877334,True,True,True,True,4.5499999999999545,783.6000000000001,788.1500000000001,15:00,791.6,time,1.2417582417582491,False
2026-01-06,4,PREMIERENE,short,12:00,3,12:00,762.85,763.35,0.4548246978962727,below,767.4,swing_body,0.005964475322802588,True,True,True,True,4.5499999999999545,749.2000000000002,753.7500000000001,14:55,762.85,breakeven,-0.0,False
2026-01-07,4,TITAN,long,11:00,4,11:10,4298.0,4297.6,0.9736136963526315,above,4276.0,third_back,0.005118659841786877,True,True,True,True,22.0,4364.0,4342.0,13:40,4276.0,stop,-1.0,False
2026-01-12,4,MANAPPURAM,long,10:15,3,10:20,297.9,297.75,0.5284097351599382,above,296.15,third_back,0.005874454514937899,True,True,True,True,1.75,303.15,301.4,10:30,296.15,stop,-1.0,False
2026-01-13,4,OIL,long,10:45,1,10:50,436.4,435.85,1.0161832739553212,above,434.35,third_back,0.00469752520623271,True,True,True,True,2.0499999999999545,442.54999999999984,440.4999999999999,12:05,442.54999999999984,target,3.0,False
2026-01-14,4,ICICIPRULI,short,11:15,1,11:20,673.7,674.95,1.2756011165765233,below,679.1,third_back,0.00801543713819204,True,True,True,True,5.399999999999977,657.5000000000001,662.9000000000001,15:00,672.9,time,0.1481481481481614,False
2026-01-16,4,ANGELONE,long,11:15,3,11:15,272.8,272.7,0.9753991567242426,above,271.7,third_back,0.004032258064516212,True,True,True,True,1.1000000000000227,276.1000000000001,275.00000000000006,11:30,271.7,stop,-1.0,False
2026-01-19,4,RBLBANK,long,10:00,4,10:10,303.75,303.3,0.5764427310105633,below,301.85,third_back,0.0062551440329217355,True,True,True,True,1.8999999999999773,309.44999999999993,307.54999999999995,10:20,301.85,stop,-1.0,False
2026-01-20,4,LTM,short,10:45,2,10:50,6000.0,6000.5,0.5224341340454317,below,6034.0,swing_body,0.005666666666666667,True,True,True,True,34.0,5898.0,5932.0,12:45,6000.0,breakeven,-0.0,False
2026-01-21,4,SRF,short,10:30,2,10:40,2747.0,2747.9,0.6261132638813289,below,2773.5,third_back,0.009646887513651257,True,True,True,True,26.5,2667.5,2694.0,15:00,2686.1,time,2.298113207547173,False
2026-01-22,4,PNBHOUSING,short,11:15,3,11:20,860.1,860.15,0.9703323599518292,below,862.65,swing_body,0.0029647715381931803,True,True,True,True,2.5499999999999545,852.4500000000002,855.0000000000001,11:30,852.4500000000002,target,3.0,False
2026-01-27,4,GODREJCP,short,10:45,3,10:50,1172.2,1172.5,0.9114300579070655,below,1178.4,swing_body,0.005289199795256821,True,True,True,True,6.2000000000000455,1153.6,1159.8,12:25,1172.2,breakeven,-0.0,False
2026-01-28,4,TATACONSUM,short,10:45,4,10:55,1124.0,1124.5,0.8013790408119817,below,1128.7,third_back,0.004181494661921748,True,True,True,True,4.7000000000000455,1109.8999999999999,1114.6,11:30,1128.7,stop,-1.0,False
2026-01-29,4,SBICARD,short,11:30,1,11:35,771.3,772.5,0.9797980659880124,below,774.8,third_back,0.004537793335926358,True,True,True,True,3.5,760.8,764.3,12:15,760.8,target,3.0,False
2026-01-30,4,DIXON,long,10:15,3,10:20,10793.0,10785.0,0.438307275309968,above,10756.0,third_back,0.003428147873621792,True,True,True,True,37.0,10904.0,10867.0,10:30,10756.0,stop,-1.0,False
2026-02-01,4,DELHIVERY,long,11:00,3,11:05,428.95,428.7,0.41920686363159365,below,428.0,third_back,0.0022147103392003466,True,True,True,True,0.9499999999999886,431.79999999999995,430.84999999999997,11:10,428.0,stop,-1.0,False
2026-02-02,4,MARICO,short,10:15,4,10:15,722.35,723.25,0.8896658519585424,below,724.45,third_back,0.0029071779608223474,True,True,True,True,2.1000000000000227,716.05,718.15,10:50,716.05,target,3.0,False
2026-02-03,4,BHARATFORG,short,12:15,2,12:20,1551.5,1552.1,0.46920766473894615,below,1557.4,swing_body,0.0038027715114406,True,True,True,True,5.900000000000091,1533.7999999999997,1539.6999999999998,12:50,1533.7999999999997,target,3.0,False
2026-02-04,4,PIDILITIND,long,10:00,1,10:10,1469.5,1467.7,1.0890688816725147,above,1465.0,third_back,0.003062266076896904,True,True,True,True,4.5,1483.0,1478.5,10:20,1465.0,stop,-1.0,False
2026-02-05,4,TRENT,long,10:15,2,10:25,2712.0,2700.7,1.0854534077926379,above,2691.7,third_back,0.0074852507374631935,True,True,True,True,20.300000000000182,2772.9000000000005,2752.6000000000004,10:35,2691.7,stop,-1.0,False
2026-02-06,4,POWERINDIA,long,11:00,4,11:00,21463.0,21453.0,0.41321513289994943,above,21373.0,swing_body,0.004193262824395471,True,True,True,True,90.0,21733.0,21643.0,11:15,21463.0,breakeven,0.0,False
2026-02-09,4,SBIN,long,10:30,3,10:30,1133.3,1130.8,0.8340345450959014,above,1127.2,swing_body,0.005382511250330812,True,True,True,True,6.099999999999909,1151.5999999999997,1145.4999999999998,15:00,1145.8,time,2.049180327868883,False
2026-02-10,4,AMBER,long,10:15,1,10:15,7431.0,7427.0,0.6449442031131294,above,7384.0,swing_body,0.0063248553357556185,True,True,True,True,47.0,7572.0,7525.0,10:25,7384.0,stop,-1.0,False
2026-02-11,4,EICHERMOT,long,10:15,2,10:15,7782.0,7775.5,1.0100193730072968,above,7756.0,third_back,0.003341043433564636,True,True,True,True,26.0,7860.0,7834.0,10:55,7756.0,stop,-1.0,False
2026-02-12,4,SBIN,long,10:30,4,10:30,1201.9,1201.1,0.3554674653143025,above,1198.0,third_back,0.0032448623013562614,True,True,True,True,3.900000000000091,1213.6000000000004,1209.7000000000003,10:45,1198.0,stop,-1.0,False
2026-02-13,4,PIIND,long,10:15,2,10:20,3204.4,3203.4,0.6797064189919283,above,3196.8,third_back,0.002371738859068752,True,True,True,True,7.599999999999909,3227.2,3219.6,10:50,3227.2,target,3.0,False
2026-02-16,4,GMRAIRPORT,long,09:45,2,09:55,99.28,99.14,0.6624302483138427,above,98.7,third_back,0.005842062852538258,True,True,True,True,0.5799999999999983,101.02,100.44,14:10,101.02,target,3.0,False
2026-02-17,4,COCHINSHIP,short,09:45,1,09:55,1543.0,1544.0,0.5904587428221565,below,1553.5,third_back,0.006804925469863901,True,True,True,True,10.5,1511.5,1522.0,15:00,1531.6,time,1.0857142857142943,False
2026-02-18,4,PNB,long,11:15,2,11:15,123.95,123.84,0.740844160439226,above,123.58,swing_body,0.002985074626865708,True,True,True,True,0.37000000000000455,125.06000000000002,124.69000000000001,13:15,125.06000000000002,target,3.0,False
2026-02-19,4,ALKEM,short,12:00,3,12:00,5422.5,5425.0,0.8433600418518223,below,5458.0,swing_body,0.006546795758414016,True,True,True,True,35.5,5316.0,5351.5,15:00,5402.0,time,0.5774647887323944,False
2026-02-20,4,LICHSGFIN,long,10:15,3,10:20,529.2,528.8,0.3466902281478174,above,527.05,third_back,0.00406273620559352,True,True,True,True,2.150000000000091,535.6500000000003,533.5000000000002,11:10,527.05,stop,-1.0,False
2026-02-23,4,INDIANB,long,10:15,4,10:25,962.9,962.2,1.5775198095900569,above,959.35,third_back,0.0036867795201993504,True,True,True,True,3.5499999999999545,973.5499999999998,969.9999999999999,10:45,959.35,stop,-1.0,False
2026-02-24,4,POLYCAB,long,11:30,1,11:35,8125.0,8124.0,0.7354450251205423,above,8102.0,third_back,0.002830769230769231,True,True,True,True,23.0,8194.0,8171.0,12:55,8102.0,stop,-1.0,False
2026-02-26,4,VMM,long,10:30,3,10:30,129.19,128.57,1.3937395778260024,above,128.05,third_back,0.008824212400340477,True,True,True,True,1.1399999999999864,132.60999999999996,131.46999999999997,11:15,128.05,stop,-1.0,False
2026-02-27,4,PETRONET,long,10:15,3,10:20,323.8,323.35,1.7884394001231112,above,321.95,third_back,0.0057134033353922874,True,True,True,True,1.8500000000000227,329.3500000000001,327.50000000000006,15:00,324.3,time,0.27027027027026695,False
2026-03-02,4,ONGC,short,10:15,3,10:25,279.0,279.2,0.5616166857679514,below,279.65,third_back,0.002329749103942571,True,True,True,True,0.6499999999999773,277.05000000000007,277.70000000000005,10:30,279.65,stop,-1.0,False
2026-03-04,4,SOLARINDS,long,11:30,2,11:30,14307.0,14306.0,0.5948926283690461,above,14225.0,swing_body,0.0057314601244146226,True,True,True,True,82.0,14553.0,14471.0,14:40,14553.0,target,3.0,False
2026-03-05,4,CAMS,long,11:15,1,11:20,644.0,643.7,0.9064264756480952,above,639.8,swing_body,0.006521739130434853,True,True,True,True,4.2000000000000455,656.6000000000001,652.4000000000001,11:45,639.8,stop,-1.0,False
2026-03-06,4,BDL,long,11:00,3,11:05,1357.7,1357.2,0.3971682596950421,above,1351.6,third_back,0.004492892391544624,True,True,True,True,6.100000000000136,1376.0000000000005,1369.9000000000003,13:05,1351.6,stop,-1.0,False
2026-03-09,4,HINDPETRO,long,11:30,2,11:30,385.2,384.3,0.740342105844521,below,381.7,third_back,0.009086188992731049,True,True,True,True,3.5,395.7,392.2,12:00,381.7,stop,-1.0,False
2026-03-10,4,BPCL,short,10:15,4,10:25,326.3,326.65,0.49548801594409053,below,328.45,third_back,0.006589028501379029,True,True,True,True,2.1499999999999773,319.8500000000001,322.00000000000006,15:00,325.0,time,0.6046511627907094,False
2026-03-11,4,DALBHARAT,long,10:15,2,10:15,1863.7,1860.2,1.526147810055557,above,1848.0,third_back,0.008424102591618847,True,True,True,True,15.700000000000045,1910.8000000000002,1895.1000000000001,15:00,1863.6,time,-0.006369426751601028,False
2026-03-12,4,SRF,long,10:30,2,10:30,2537.8,2537.0,1.2778572990706134,above,2523.5,third_back,0.005634801796831973,True,True,True,True,14.300000000000182,2580.7000000000007,2566.4000000000005,11:40,2580.7000000000007,target,3.0,False
2026-03-13,4,PGEL,short,10:00,1,10:10,494.5,495.2,1.7530251033725341,below,498.4,third_back,0.007886754297269923,True,True,True,True,3.8999999999999773,482.80000000000007,486.70000000000005,10:40,498.4,stop,-1.0,False
2026-03-17,4,AMBER,short,11:15,1,11:20,6623.5,6626.5,0.3854828185207602,below,6667.0,third_back,0.006567524722578697,True,True,True,True,43.5,6493.0,6536.5,13:15,6667.0,stop,-1.0,False
2026-03-18,4,OFSS,long,11:00,1,11:00,6463.0,6461.0,0.5431652774807322,above,6435.5,third_back,0.004254989942751045,True,True,True,True,27.5,6545.5,6518.0,12:00,6435.5,stop,-1.0,False
2026-03-19,4,HINDPETRO,short,10:00,3,10:10,327.3,327.5,0.4612262447904814,below,329.05,third_back,0.005346776657500764,True,True,True,True,1.75,322.05,323.8,10:30,329.05,stop,-1.0,False
2026-03-23,4,MUTHOOTFIN,short,12:00,3,12:00,3093.9,3094.7,1.1149488951809343,below,3107.3,third_back,0.004331103138433721,True,True,True,True,13.400000000000091,3053.7,3067.1,12:45,3053.7,target,3.0,False
2026-03-24,4,LODHA,short,10:30,1,10:35,719.9,722.05,0.43549619379937576,below,724.0,third_back,0.005695235449367999,True,True,True,True,4.100000000000023,707.5999999999999,711.6999999999999,11:10,724.0,stop,-1.0,False
2026-03-25,4,SAMMAANCAP,long,10:30,1,10:35,154.26,154.21,0.8409599051729707,above,153.14,third_back,0.007260469337482203,True,True,True,True,1.1200000000000045,157.62,156.5,11:20,153.14,stop,-1.0,False
2026-03-27,4,PRESTIGE,short,10:15,3,10:15,1178.6,1181.4,0.3598008857947233,below,1182.6,third_back,0.0033938571186153065,True,True,True,True,4.0,1166.6,1170.6,12:35,1178.6,breakeven,-0.0,False
2026-03-30,4,DMART,long,09:45,4,09:55,3922.9,3922.8,0.6223357195741976,above,3905.0,third_back,0.004562950878176882,True,True,True,True,17.90000000000009,3976.6000000000004,3958.7000000000003,11:10,3905.0,stop,-1.0,False
2026-04-01,4,DMART,long,10:30,4,10:35,4250.0,4244.6,0.5338224071635248,above,4232.0,third_back,0.0042352941176470585,True,True,True,True,18.0,4304.0,4286.0,11:00,4250.0,breakeven,0.0,False
2026-04-02,4,ADANIGREEN,short,12:15,3,12:20,820.3,820.35,1.2182720390349058,below,827.2,swing_body,0.008411556747531503,True,True,True,True,6.900000000000091,799.5999999999997,806.4999999999998,14:00,827.2,stop,-1.0,False
2026-04-06,4,TRENT,long,10:00,3,10:00,2502.4,2495.7,0.8993399682232579,above,2477.5,third_back,0.009950447570332517,True,True,True,True,24.90000000000009,2577.1000000000004,2552.2000000000003,15:00,2547.9,time,1.8273092369477846,False
2026-04-07,4,PRESTIGE,long,10:15,4,10:20,1211.9,1211.1,0.9162444289527296,above,1203.4,third_back,0.00701378001485271,True,True,True,True,8.5,1237.4,1228.9,11:10,1211.9,breakeven,0.0,False
2026-04-08,4,ASHOKLEY,long,10:30,4,10:35,170.85,170.59,0.7186915320848988,above,170.21,third_back,0.0037459760023411553,True,True,True,True,0.6399999999999864,172.76999999999995,172.12999999999997,10:45,170.21,stop,-1.0,False
2026-04-10,4,TCS,short,10:30,2,10:40,2508.3,2510.0,0.7679142119473548,below,2517.7,third_back,0.0037475581070843342,True,True,True,True,9.399999999999636,2480.1000000000013,2489.500000000001,13:30,2517.7,stop,-1.0,False
2026-04-13,4,COALINDIA,short,10:00,3,10:00,432.7,433.5,0.9757377400693192,below,433.3,third_back,0.0013866420152531147,True,True,True,True,0.6000000000000227,430.8999999999999,431.49999999999994,10:05,433.3,stop,-1.0,False
2026-04-15,4,ICICIPRULI,short,11:30,1,11:30,564.2,565.55,0.8948520770226369,below,566.5,third_back,0.004076568592697544,True,True,True,True,2.2999999999999545,557.3000000000002,559.6000000000001,14:00,557.3000000000002,target,3.0,False
2026-04-16,4,ASTRAL,short,11:00,3,11:05,1572.0,1572.5,0.7226228513786318,below,1579.5,third_back,0.004770992366412214,True,True,True,True,7.5,1549.5,1557.0,14:50,1572.0,breakeven,-0.0,False
2026-04-17,4,WIPRO,long,10:45,4,10:45,204.96,204.93,0.3235224594945016,below,203.65,swing_body,0.006391491022638574,True,True,True,True,1.3100000000000023,208.89000000000001,207.58,15:00,204.47,time,-0.37404580152672384,False
2026-04-20,4,YESBANK,short,10:00,2,10:10,20.06,20.08,1.1425929614207049,below,20.17,third_back,0.0054835493519443165,True,True,True,True,0.11000000000000298,19.72999999999999,19.839999999999993,10:15,20.17,stop,-1.0,False
2026-04-21,4,LICHSGFIN,long,11:30,3,11:35,564.25,564.05,0.5115896230283314,above,564.0,third_back,0.00044306601683650863,True,True,True,True,0.25,565.0,564.75,11:40,564.0,stop,-1.0,False
2026-04-22,4,NESTLEIND,long,10:15,1,10:25,1420.9,1420.0,0.5691037431628856,above,1411.0,third_back,0.006967415018650215,True,True,True,True,9.900000000000091,1450.6000000000004,1440.7000000000003,12:20,1411.0,stop,-1.0,False
2026-04-23,4,HAVELLS,short,10:00,2,10:05,1270.0,1271.0,0.5603324920415971,below,1275.7,third_back,0.004488188976377989,True,True,True,True,5.7000000000000455,1252.8999999999999,1258.6,15:00,1258.0,time,2.10526315789472,False
2026-04-24,4,SUNPHARMA,short,11:00,4,11:00,1624.9,1625.0,0.6666755976713263,below,1629.6,third_back,0.0028924856914270525,True,True,True,True,4.699999999999818,1610.8000000000006,1615.5000000000005,11:10,1629.6,stop,-1.0,False
2026-04-27,4,INDUSINDBK,short,10:30,4,10:35,877.6,878.5,1.0244583557409155,above,881.8,third_back,0.004785779398359083,True,True,True,True,4.199999999999932,865.0000000000002,869.2000000000002,10:45,881.8,stop,-1.0,False
2026-04-28,4,SUNPHARMA,long,10:00,2,10:10,1739.7,1739.2,0.4113069047555002,above,1735.2,third_back,0.002586652871184687,True,True,True,True,4.5,1753.2,1748.7,10:25,1753.2,target,3.0,False
2026-04-29,4,BANDHANBNK,long,10:30,1,10:35,198.47,198.32,1.032932143216557,above,197.41,third_back,0.005340857560336586,True,True,True,True,1.0600000000000023,201.65,200.59,12:00,201.65,target,3.0,False
2026-04-30,4,WAAREEENER,short,11:15,2,11:15,3122.9,3130.3,1.0766398094952887,below,3149.5,third_back,0.008517723910467805,True,True,True,True,26.59999999999991,3043.1000000000004,3069.7000000000003,12:00,3149.5,stop,-1.0,False
2026-05-04,4,LAURUSLABS,long,11:15,3,11:15,1158.4,1157.0,0.5247506854137632,above,1148.3,third_back,0.008718922651933818,True,True,True,True,10.100000000000136,1188.7000000000005,1178.6000000000004,15:00,1167.3,time,0.8811881188118558,False
2026-05-05,4,KEI,long,10:15,3,10:20,4900.1,4900.0,0.711251008334182,below,4871.0,third_back,0.005938654313177356,True,True,True,True,29.100000000000364,4987.4000000000015,4958.300000000001,12:10,4987.4000000000015,target,3.0,False
2026-05-06,4,MARICO,short,10:15,3,10:20,817.75,821.3,0.953336218325199,below,824.5,third_back,0.008254356465912565,True,True,True,True,6.75,797.5,804.25,10:55,824.5,stop,-1.0,False
2026-05-07,4,KPITTECH,short,12:15,2,12:15,714.0,714.7,0.7477576466798481,below,717.55,third_back,0.004971988795518144,True,True,True,True,3.5499999999999545,703.3500000000001,706.9000000000001,12:40,717.55,stop,-1.0,False
2026-05-08,4,BRITANNIA,short,12:15,2,12:20,5532.0,5535.0,0.49106487077279243,below,5580.0,swing_body,0.008676789587852495,True,True,True,True,48.0,5388.0,5436.0,15:00,5523.0,time,0.1875,False
2026-05-11,4,TITAN,short,10:15,4,10:15,4158.1,4164.4,0.2708903839528971,below,4180.0,third_back,0.0052668285996006915,True,True,True,True,21.899999999999636,4092.4000000000015,4114.300000000001,10:25,4180.0,stop,-1.0,False
2026-05-12,4,JSWENERGY,short,12:15,4,12:25,523.55,523.6,0.8850331014069193,below,525.85,third_back,0.0043930856651706015,True,True,True,True,2.300000000000068,516.6499999999997,518.9499999999998,13:00,525.85,stop,-1.0,False
2026-05-13,4,DRREDDY,long,10:00,4,10:10,1281.6,1279.0,0.5420114083758131,above,1273.3,third_back,0.0064762796504369185,True,True,True,True,8.299999999999955,1306.4999999999998,1298.1999999999998,10:30,1281.6,breakeven,0.0,False
2026-05-14,4,ADANIENT,long,10:00,4,10:00,2634.1,2622.9,1.3367680538248803,above,2619.4,third_back,0.005580653733723025,True,True,True,True,14.699999999999818,2678.1999999999994,2663.4999999999995,10:30,2634.1,breakeven,0.0,False
2026-05-18,4,ICICIPRULI,long,10:45,2,10:55,499.9,499.55,0.7524820762968281,below,497.5,third_back,0.004800960192038363,True,True,True,True,2.3999999999999773,507.0999999999999,504.69999999999993,11:55,507.0999999999999,target,3.0,False
2026-05-19,4,TCS,long,10:30,3,10:40,2358.0,2355.2,0.7047510437446798,above,2345.7,third_back,0.005216284987277431,True,True,True,True,12.300000000000182,2394.9000000000005,2382.6000000000004,10:50,2345.7,stop,-1.0,False
2026-05-20,4,PIIND,short,10:45,2,10:55,2911.0,2914.0,0.6746965693012547,below,2925.5,third_back,0.00498110614908966,True,True,True,True,14.5,2867.5,2882.0,15:00,2908.0,time,0.20689655172413793,False
2026-05-21,4,GRASIM,long,11:45,4,11:55,3109.9,3109.5,0.37608643232999517,above,3100.1,third_back,0.003151226727547568,True,True,True,True,9.800000000000182,3139.3000000000006,3129.5000000000005,13:15,3139.3000000000006,target,3.0,False
2026-05-22,4,NYKAA,short,10:00,1,10:05,273.5,273.9,0.6177758847549883,below,275.1,third_back,0.005850091407678328,True,True,True,True,1.6000000000000227,268.69999999999993,270.29999999999995,10:40,273.5,breakeven,-0.0,False
2026-05-25,4,COLPAL,short,12:00,2,12:00,2104.2,2104.9,0.6386193772768876,below,2120.1,swing_body,0.007556315939549516,True,True,True,True,15.900000000000091,2056.4999999999995,2072.3999999999996,12:30,2120.1,stop,-1.0,False
2026-05-26,4,CONCOR,short,10:30,1,10:40,484.5,484.9,1.5642061300964931,below,486.15,third_back,0.0034055727554179096,True,True,True,True,1.6499999999999773,479.55000000000007,481.20000000000005,11:20,479.55000000000007,target,3.0,False
2026-05-27,4,COALINDIA,long,10:15,1,10:20,445.4,444.6,0.40894066165213133,above,442.65,third_back,0.0061742254153569825,True,True,True,True,2.75,453.65,450.9,12:15,445.4,breakeven,0.0,False
2026-05-29,4,ALKEM,short,10:15,1,10:20,5641.5,5661.5,1.3729780219072039,above,5695.5,third_back,0.009571922361074183,True,True,True,True,54.0,5479.5,5533.5,15:00,5539.0,time,1.8981481481481481,False
2026-06-02,4,NHPC,short,09:45,1,09:55,74.15,74.19,0.6319379640156908,below,74.2,third_back,0.0006743088334456797,True,True,True,True,0.04999999999999716,74.00000000000001,74.05000000000001,10:00,74.2,stop,-1.0,False
2026-06-03,4,PATANJALI,short,10:15,3,10:25,443.2,443.6,0.7264386386947639,below,444.95,third_back,0.0039485559566787,True,True,True,True,1.75,437.95,439.7,11:40,437.95,target,3.0,False
2026-06-04,4,360ONE,long,09:45,1,09:55,1070.2,1068.9,1.1143444111863294,above,1063.0,third_back,0.006727714445898005,True,True,True,True,7.2000000000000455,1091.8000000000002,1084.6000000000001,15:00,1068.9,time,-0.1805555555555481,False
2026-06-05,4,ADANIENT,long,10:00,2,10:05,3042.3,3042.0,0.6673403196407438,above,3019.0,third_back,0.007658679288696112,True,True,True,True,23.300000000000182,3112.2000000000007,3088.9000000000005,10:40,3019.0,stop,-1.0,False
2026-06-08,4,FORTIS,long,11:00,1,11:05,1002.5,1000.4,0.8958168749697262,above,998.5,third_back,0.00399002493765586,True,True,True,True,4.0,1014.5,1010.5,11:25,998.5,stop,-1.0,False
2026-06-09,4,IDFCFIRSTB,long,10:45,2,10:50,74.17,74.13,0.7645636226784784,above,73.96,swing_body,0.0028313334232170414,True,True,True,True,0.21000000000000796,74.80000000000003,74.59000000000002,11:00,73.96,stop,-1.0,False
2026-06-11,4,TORNTPHARM,long,11:15,4,11:25,4586.6,4586.0,0.638122859253866,above,4568.1,third_back,0.004033488858849692,True,True,True,True,18.5,4642.1,4623.6,15:00,4574.7,time,-0.6432432432432728,False
2026-06-12,4,BOSCHLTD,long,11:00,2,11:00,39090.0,38955.0,1.7462540829601914,above,38800.0,third_back,0.007418777180864671,True,True,True,True,290.0,39960.0,39670.0,15:00,39120.0,time,0.10344827586206896,False
2026-06-15,4,LTF,long,10:15,2,10:15,293.1,293.0,0.550158830592262,above,293.05,third_back,0.00017059024223818275,True,True,True,True,0.05000000000001137,293.25000000000006,293.20000000000005,10:20,293.05,stop,-1.0,True
2026-06-16,4,SUZLON,long,12:30,1,12:30,58.19,58.11,0.4799967462719475,above,57.68,third_back,0.008764392507303627,True,True,True,True,0.509999999999998,59.71999999999999,59.209999999999994,15:00,57.94,time,-0.49019607843137447,False
2026-06-17,4,BLUESTARCO,long,10:15,3,10:15,1696.0,1695.6,0.8766634107328509,above,1687.6,third_back,0.004952830188679299,True,True,True,True,8.400000000000091,1721.2000000000003,1712.8000000000002,10:20,1687.6,stop,-1.0,False
2026-06-18,4,RADICO,long,10:15,2,10:20,3636.1,3627.4,1.127392455125033,above,3608.9,third_back,0.0074805423393195505,True,True,True,True,27.199999999999818,3717.6999999999994,3690.4999999999995,11:05,3717.6999999999994,target,3.0,False
2026-06-19,4,TECHM,long,10:30,3,10:40,1386.1,1384.5,0.4623304529534624,above,1376.1,third_back,0.007214486689272059,True,True,True,True,10.0,1416.1,1406.1,10:55,1376.1,stop,-1.0,False
2026-06-22,4,BAJAJHLDNG,long,10:15,2,10:25,10836.0,10830.0,0.6499711609179941,above,10818.0,third_back,0.0016611295681063123,True,True,True,True,18.0,10890.0,10872.0,10:35,10818.0,stop,-1.0,False
2026-06-23,4,BIOCON,long,11:15,4,11:25,429.75,429.55,0.8747182577252057,above,428.85,swing_body,0.0020942408376962824,True,True,True,True,0.8999999999999773,432.44999999999993,431.54999999999995,11:45,429.75,breakeven,0.0,False
2026-06-24,4,SHREECEM,long,10:15,2,10:25,25865.0,25850.0,0.42850151692322525,above,25795.0,third_back,0.0027063599458728013,True,True,True,True,70.0,26075.0,26005.0,12:10,26075.0,target,3.0,False
2026-06-25,4,INDIGO,long,10:00,3,10:05,5404.0,5379.0,1.460865025567336,above,5350.0,third_back,0.00999259807549963,True,True,True,True,54.0,5566.0,5512.0,15:00,5441.4,time,0.6925925925925859,False
2026-06-29,4,MARICO,long,10:30,4,10:35,841.35,841.0,1.1962586617406243,above,840.05,third_back,0.0015451357936650243,True,True,True,True,1.3000000000000682,845.2500000000002,843.9500000000002,10:40,840.05,stop,-1.0,False
2026-07-01,4,TATAELXSI,short,10:45,3,10:45,3627.0,3628.6,0.4899405756507826,below,3638.9,swing_body,0.00328094844223879,True,True,True,True,11.900000000000091,3591.2999999999997,3603.2,11:05,3638.9,stop,-1.0,False
2026-07-02,4,DMART,short,10:15,4,10:25,4204.0,4208.5,1.084128340894455,below,4234.0,third_back,0.007136060894386299,True,True,True,True,30.0,4114.0,4144.0,15:00,4196.1,time,0.2633333333333212,False
2026-07-03,4,ALKEM,long,10:45,4,10:55,5597.5,5590.5,1.109003772994643,above,5573.5,third_back,0.004287628405538186,True,True,True,True,24.0,5669.5,5645.5,11:50,5573.5,stop,-1.0,False
