date,filter,symbol,direction,r_rank,trigger_time,entry_price,level_price,atr_ratio,pos_vs_open,stop_price,stop_source,stop_dist_pct,qual_huge,qual_stop,filterA_ok,filterB_ok,R_unit,target_price,exit_time,exit_price,exit_reason,realized_R,tie_stopfirst
2025-06-18,A,DMART,long,3,09:45,4163.9,4153.9,1.2125901060634123,above,4144.9,third_back,0.00456302985182161,True,True,True,True,19.0,4220.9,11:05,4144.9,stop,-1.0,False
2025-06-19,A,TRENT,short,4,09:55,3809.3,3809.7,0.8619460665675781,below,3835.0,third_back,0.006746646365473924,True,True,True,True,25.699999999999818,3732.2000000000007,15:00,3815.7,time,-0.2490272373540732,False
2025-06-20,A,MANKIND,short,4,09:35,2303.1,2306.4,0.7466416923045301,below,2321.5,third_back,0.007989231904823972,True,True,True,True,18.40000000000009,2247.8999999999996,15:00,2290.0,time,0.7119565217391219,False
2025-06-23,A,BEL,long,4,10:05,414.95,414.05,0.7723948228131509,above,413.5,swing_body,0.003494396915290972,True,True,True,True,1.4499999999999886,419.29999999999995,11:35,419.29999999999995,target,3.0,False
2025-06-24,A,HINDPETRO,short,4,09:50,398.45,398.55,0.5381502074939584,below,399.75,third_back,0.003262642740619931,True,True,True,True,1.3000000000000114,394.54999999999995,10:40,394.54999999999995,target,3.0,False
2025-06-25,A,TITAN,long,4,10:15,3591.1,3589.9,0.7028338933068363,above,3570.0,third_back,0.005875636991451062,True,True,True,True,21.09999999999991,3654.3999999999996,12:25,3654.3999999999996,target,3.0,False
2025-06-26,A,COLPAL,short,3,09:55,2362.8,2363.9,0.3380145786895188,below,2370.6,third_back,0.003301168105637264,True,True,True,True,7.799999999999727,2339.400000000001,10:25,2370.6,stop,-1.0,False
2025-06-27,A,GODFRYPHLP,long,4,09:50,2976.0,2967.0,0.5700575957451397,above,2951.0,third_back,0.008400537634408602,True,True,True,True,25.0,3051.0,10:10,2951.0,stop,-1.0,False
2025-06-30,A,TORNTPHARM,short,1,10:00,3341.8,3351.9,0.850239998471737,below,3365.0,third_back,0.006942366389370943,True,True,True,True,23.199999999999818,3272.2000000000007,11:40,3365.0,stop,-1.0,False
2025-07-01,A,IDFCFIRSTB,long,4,10:35,75.2,74.99,1.1003924150948428,above,74.6,third_back,0.007978723404255433,True,True,True,True,0.6000000000000085,77.00000000000003,13:50,77.00000000000003,target,3.0,False
2025-07-02,A,SBICARD,short,3,09:45,909.2,909.45,0.48609284336989755,below,910.0,third_back,0.0008798944126704295,True,True,True,True,0.7999999999999545,906.8000000000002,09:50,910.0,stop,-1.0,False
2025-07-03,A,GMRAIRPORT,short,3,10:20,88.97,89.05,0.6670715196155822,below,89.38,third_back,0.004608294930875538,True,True,True,True,0.4099999999999966,87.74000000000001,15:00,88.35,time,1.5121951219512433,False
2025-07-04,A,BOSCHLTD,long,3,10:20,35695.0,35670.0,0.8724368362434685,above,35420.0,third_back,0.007704160246533128,True,True,True,True,275.0,36520.0,11:40,35420.0,stop,-1.0,False
2025-07-07,A,DABUR,long,2,10:00,513.1,512.35,1.0763676478191875,above,509.45,third_back,0.00711362307542396,True,True,True,True,3.650000000000034,524.0500000000002,15:00,513.0,time,-0.027397260273978576,False
2025-07-08,A,DIVISLAB,short,3,09:45,6985.0,6988.0,0.3859869694223625,below,7007.0,third_back,0.0031496062992125984,True,True,True,True,22.0,6919.0,10:45,6919.0,target,3.0,False
2025-07-09,A,WIPRO,short,4,09:50,260.45,260.5,0.9607151442647519,below,260.95,third_back,0.001919754271453254,True,True,True,True,0.5,258.95,10:00,260.95,stop,-1.0,False
2025-07-10,A,PHOENIXLTD,long,4,09:45,1513.0,1511.4,0.8162584688925096,below,1507.6,third_back,0.0035690680766689298,True,True,True,False,5.400000000000091,1529.2000000000003,10:50,1507.6,stop,-1.0,False
2025-07-11,A,HINDUNILVR,long,2,09:45,2516.9,2511.5,0.30005165786022797,above,2503.7,third_back,0.0052445468632048445,True,True,True,True,13.200000000000273,2556.500000000001,15:00,2521.9,time,0.37878787878787096,False
2025-07-14,A,SONACOMS,short,3,09:50,447.75,448.35,0.8230515081695114,below,450.0,third_back,0.005025125628140704,True,True,True,True,2.25,441.0,10:10,450.0,stop,-1.0,False
2025-07-15,A,GODFRYPHLP,long,4,10:10,3189.0,3186.0,1.0453938456332759,above,3170.0,third_back,0.005957980558168705,True,True,True,True,19.0,3246.0,10:15,3170.0,stop,-1.0,False
2025-07-16,A,ICICIPRULI,long,3,10:05,657.95,656.2,1.0004247916366278,below,653.9,third_back,0.006155482939433191,True,True,True,False,4.050000000000068,670.1000000000003,10:40,653.9,stop,-1.0,False
2025-07-17,A,SONACOMS,long,1,11:00,472.3,471.95,0.9351254730502295,above,469.1,third_back,0.006775354647469804,True,True,True,True,3.1999999999999886,481.9,11:50,481.9,target,3.0,False
2025-07-18,A,AXISBANK,long,2,10:05,1115.1,1114.6,0.6543723272697355,above,1112.5,third_back,0.0023316294502734366,True,True,True,True,2.599999999999909,1122.8999999999996,10:20,1112.5,stop,-1.0,False
2025-07-21,A,JSWSTEEL,long,2,09:45,1028.0,1026.8,0.6718012344866752,below,1021.7,third_back,0.006128404669260656,True,True,True,False,6.2999999999999545,1046.8999999999999,15:00,1032.1,time,0.650793650793641,False
2025-07-22,A,SWIGGY,long,2,11:30,414.1,412.65,1.0968320857714888,above,411.0,third_back,0.0074861144651051014,True,True,True,True,3.1000000000000227,423.4000000000001,11:55,411.0,stop,-1.0,False
2025-07-23,A,IRFC,long,4,09:55,134.98,134.94,0.39599988979711453,above,133.72,third_back,0.009334716254259823,True,True,True,True,1.259999999999991,138.75999999999996,11:20,133.72,stop,-1.0,False
2025-07-24,A,TATACONSUM,short,1,09:40,1071.6,1074.7,0.9329856760148654,below,1080.0,third_back,0.007838745800671978,True,True,True,True,8.400000000000091,1046.3999999999996,10:35,1080.0,stop,-1.0,False
2025-07-25,A,PHOENIXLTD,long,3,11:55,1533.3,1529.5,1.0774745321196377,above,1519.0,third_back,0.009326289701950013,True,True,True,True,14.299999999999955,1576.1999999999998,15:00,1526.3,time,-0.4895104895104911,False
2025-07-28,A,APLAPOLLO,short,3,10:10,1497.5,1502.0,0.8062878343046861,below,1505.8,third_back,0.0055425709515859465,True,True,True,True,8.299999999999955,1472.6000000000001,10:30,1505.8,stop,-1.0,False
2025-07-29,A,TORNTPHARM,long,1,10:15,3742.8,3737.5,1.1016784236029757,above,3706.8,third_back,0.009618467457518435,True,True,True,True,36.0,3850.8,15:00,3755.2,time,0.34444444444443434,False
2025-07-30,A,TIINDIA,long,2,09:40,2893.5,2883.6,1.7832705238547362,above,2866.5,third_back,0.00933125972006221,True,True,True,True,27.0,2974.5,13:05,2866.5,stop,-1.0,False
2025-07-31,A,JIOFIN,long,2,11:00,329.8,329.7,0.9076982727579929,above,328.55,third_back,0.003790175864160097,True,True,True,True,1.25,333.55,11:35,328.55,stop,-1.0,False
2025-08-01,A,RADICO,long,1,10:20,2879.4,2866.1,1.7844489784634356,above,2858.9,third_back,0.007119538792804056,True,True,True,True,20.5,2940.9,13:00,2858.9,stop,-1.0,False
2025-08-04,A,DELHIVERY,long,2,10:10,451.2,451.15,0.5989123852526781,above,447.55,swing_body,0.008089539007092148,True,True,True,True,3.6499999999999773,462.1499999999999,14:55,462.1499999999999,target,3.0,False
2025-08-05,A,PAYTM,short,2,10:40,1066.2,1066.3,0.5656550593513294,below,1068.0,swing_body,0.0016882386043893776,True,True,True,True,1.7999999999999545,1060.8000000000002,10:50,1068.0,stop,-1.0,False
2025-08-06,A,BRITANNIA,short,2,10:35,5504.0,5517.5,1.8494268741616462,below,5540.0,third_back,0.006540697674418605,True,True,True,True,36.0,5396.0,12:05,5396.0,target,3.0,False
2025-08-07,A,KOTAKBANK,long,1,10:10,396.3,395.5,0.8472575190951309,above,394.3,third_back,0.005046681806712087,True,True,True,True,2.0,402.3,15:00,398.1,time,0.9000000000000057,False
2025-08-08,A,LICI,short,3,10:10,458.0,458.2,1.7328048823788655,above,459.6,third_back,0.003493449781659438,True,True,True,False,1.6000000000000227,453.19999999999993,10:25,459.6,stop,-1.0,False
2025-08-11,A,VOLTAS,short,1,09:40,1227.2,1229.3,0.3366462544522596,above,1236.6,third_back,0.007659713168187633,True,True,True,False,9.399999999999864,1199.0000000000005,09:55,1236.6,stop,-1.0,False
2025-08-12,A,PGEL,long,2,10:10,523.35,522.75,0.3883408714678755,above,519.2,third_back,0.007929683768032821,True,True,True,True,4.149999999999977,535.8,10:30,519.2,stop,-1.0,False
2025-08-13,A,APOLLOHOSP,long,3,10:15,7684.0,7682.0,0.5885642151041187,above,7670.0,third_back,0.0018219677251431546,True,True,True,True,14.0,7726.0,11:35,7670.0,stop,-1.0,False
2025-08-14,A,MUTHOOTFIN,long,1,09:40,2770.4,2763.9,0.8817207989823369,above,2749.1,third_back,0.007688420444701191,True,True,True,True,21.300000000000182,2834.3000000000006,11:15,2749.1,stop,-1.0,False
2025-08-18,A,MARUTI,long,3,09:50,13883.0,13875.0,0.6184886925256448,above,13848.0,third_back,0.0025210689332276887,True,True,True,True,35.0,13988.0,11:10,13988.0,target,3.0,False
2025-08-19,A,VEDL,long,1,10:15,226.65,226.35,0.8491050020010823,above,225.9,third_back,0.0033090668431502318,True,True,True,True,0.75,228.9,15:00,227.1,time,0.5999999999999849,False
2025-08-20,A,DABUR,long,1,09:50,528.1,527.8,0.5440621703942756,above,525.8,third_back,0.004355235750804901,True,True,True,True,2.300000000000068,535.0000000000002,10:50,525.8,stop,-1.0,False
2025-08-21,A,SUPREMEIND,short,3,10:10,4535.0,4535.6,0.41299947808090687,below,4557.3,third_back,0.004917309812568949,True,True,True,True,22.300000000000182,4468.099999999999,10:25,4557.3,stop,-1.0,False
2025-08-22,A,DIVISLAB,long,4,10:10,6166.0,6164.0,0.8198234737804191,above,6151.0,swing_body,0.002432695426532598,True,True,True,True,15.0,6211.0,10:15,6151.0,stop,-1.0,False
2025-08-25,A,MPHASIS,long,4,09:35,2949.9,2944.8,1.3018888787437584,above,2936.1,third_back,0.004678124682192678,True,True,True,True,13.800000000000182,2991.3000000000006,10:00,2936.1,stop,-1.0,False
2025-08-26,A,SONACOMS,long,3,10:00,446.45,446.1,0.7916667707683873,below,443.65,third_back,0.00627169895845002,True,True,True,False,2.8000000000000114,454.85,11:40,454.85,target,3.0,False
2025-08-28,A,MAXHEALTH,short,4,09:45,1154.5,1157.8,1.161121540460447,below,1159.9,third_back,0.0046773495019489745,True,True,True,True,5.400000000000091,1138.2999999999997,10:10,1159.9,stop,-1.0,False
2025-08-29,A,RBLBANK,long,1,10:20,262.1,261.5,1.2070868729424915,above,260.35,third_back,0.006676840900419687,True,True,True,True,1.75,267.35,11:40,267.35,target,3.0,False
2025-09-01,A,MOTHERSON,short,4,10:05,94.58,94.61,1.0136494986273246,above,94.94,third_back,0.003806301543666731,True,True,True,False,0.35999999999999943,93.5,12:10,93.5,target,3.0,False
2025-09-02,A,TIINDIA,short,3,10:55,3113.4,3113.9,0.23555626730879858,below,3120.0,third_back,0.002119868953555569,True,True,True,True,6.599999999999909,3093.6000000000004,11:05,3120.0,stop,-1.0,False
2025-09-03,A,NMDC,long,3,10:30,71.55,71.53,1.011609890646517,above,71.37,third_back,0.0025157232704401482,True,True,True,True,0.1799999999999926,72.08999999999997,12:45,72.08999999999997,target,3.0,False
2025-09-04,A,DABUR,short,4,09:40,562.2,563.5,0.5743630234397481,below,565.0,third_back,0.004980434009249296,True,True,True,True,2.7999999999999545,553.8000000000002,09:45,565.0,stop,-1.0,False
2025-09-05,A,RBLBANK,long,1,10:20,277.4,276.55,1.414437890820239,above,276.0,swing_body,0.005046863734679082,True,True,True,True,1.3999999999999773,281.5999999999999,10:35,276.0,stop,-1.0,False
2025-09-08,A,SAIL,short,2,09:55,132.3,132.4,0.4837989229245763,above,133.15,third_back,0.0064247921390778095,True,True,True,False,0.8499999999999943,129.75000000000003,10:10,133.15,stop,-1.0,False
2025-09-09,A,INFY,long,4,09:40,1455.7,1454.2,0.5836916079035182,above,1445.8,third_back,0.00680085182386487,True,True,True,True,9.900000000000091,1485.4000000000003,15:00,1469.9,time,1.4343434343434258,False
2025-09-10,A,KOTAKBANK,short,2,09:45,394.9,395.7,0.8955539428031056,below,397.4,third_back,0.006330716637123323,True,True,True,True,2.5,387.4,15:00,393.8,time,0.43999999999998635,False
2025-09-11,A,OFSS,short,2,09:40,9145.5,9173.5,0.43247416003091893,below,9234.5,third_back,0.00973156197036794,True,True,True,True,89.0,8878.5,10:20,8878.5,target,3.0,False
2025-09-12,A,LODHA,short,1,09:50,1180.2,1185.5,1.7346418649215742,below,1188.0,third_back,0.0066090493136756094,True,True,True,True,7.7999999999999545,1156.8000000000002,15:00,1166.5,time,1.7564102564102724,False
2025-09-15,A,CONCOR,long,2,09:40,557.0,556.75,1.2423000923415894,above,556.35,third_back,0.0011669658886893667,True,True,True,True,0.6499999999999773,558.9499999999999,09:45,558.9499999999999,target,3.0,False
2025-09-16,A,RADICO,long,3,10:00,3006.5,3005.7,0.33065613756675066,above,2989.6,third_back,0.005621154165973754,True,True,True,True,16.90000000000009,3057.2000000000003,10:15,2989.6,stop,-1.0,False
2025-09-17,A,PERSISTENT,long,2,09:40,5665.0,5663.5,0.9883083546250879,above,5654.0,third_back,0.001941747572815534,True,True,True,True,11.0,5698.0,09:55,5654.0,stop,-1.0,False
2025-09-18,A,CAMS,long,4,11:05,812.8,812.5,0.3704925761534724,above,814.1,swing_body,0.0015994094488189817,True,True,True,True,1.3000000000000682,816.7000000000002,11:10,814.1,stop,-1.0,False
2025-09-19,A,ADANIENSOL,short,2,09:50,860.6,861.0,0.9326928443555984,below,868.95,third_back,0.009702533116430424,True,True,True,True,8.350000000000023,835.55,12:35,868.95,stop,-1.0,False
2025-09-22,A,ADANIGREEN,long,3,10:30,1078.2,1077.0,0.7906189826154557,above,1070.5,third_back,0.007141532183268452,True,True,True,True,7.7000000000000455,1101.3000000000002,11:05,1101.3000000000002,target,3.0,False
2025-09-23,A,ADANIENSOL,short,4,09:40,920.9,921.95,0.7079849699092186,below,929.35,third_back,0.009175806276468721,True,True,True,True,8.450000000000045,895.5499999999998,10:00,929.35,stop,-1.0,False
2025-09-24,A,SBIN,short,4,09:35,872.15,872.7,0.7267513589992485,below,876.85,third_back,0.005388981253224841,True,True,True,True,4.7000000000000455,858.0499999999998,10:00,876.85,stop,-1.0,False
2025-09-25,A,POLYCAB,short,1,12:30,7484.0,7484.5,0.4535985774607479,below,7489.5,third_back,0.0007349011223944415,True,True,True,True,5.5,7467.5,12:35,7489.5,stop,-1.0,False
2025-09-26,A,TITAN,long,1,10:05,3378.2,3373.9,0.5862356625845168,below,3366.2,third_back,0.0035521875555029306,True,True,True,False,12.0,3414.2,13:20,3366.2,stop,-1.0,False
2025-09-29,A,DRREDDY,long,2,09:50,1260.1,1260.0,1.101532907990311,below,1257.1,third_back,0.002380763431473693,True,True,True,False,3.0,1269.1,09:55,1257.1,stop,-1.0,False
2025-09-30,A,INDIANB,long,2,09:40,722.5,721.15,1.245725535991099,above,719.2,third_back,0.004567474048442844,True,True,True,True,3.2999999999999545,732.3999999999999,15:00,731.35,time,2.6818181818182256,False
2025-10-01,A,IREDA,short,4,09:50,150.88,150.92,1.1464041766494177,below,151.75,third_back,0.0057661717921527345,True,True,True,True,0.8700000000000045,148.26999999999998,10:30,151.75,stop,-1.0,False
2025-10-03,A,NUVAMA,long,1,10:15,1359.0,1356.5,1.4751410414411739,above,1355.0,third_back,0.0029433406916850625,True,True,True,True,4.0,1371.0,10:20,1355.0,stop,-1.0,False
2025-10-06,A,LTF,long,4,10:05,257.1,256.93,0.6942338239033526,below,255.6,third_back,0.005834305717619713,True,True,True,False,1.5000000000000284,261.60000000000014,15:00,259.4,time,1.533333333333274,False
2025-10-07,A,BANKINDIA,short,2,09:35,123.0,123.09,0.8293712869137938,below,124.08,third_back,0.008780487804878036,True,True,True,True,1.0799999999999983,119.76,15:00,122.07,time,0.8611111111111188,False
2025-10-08,A,CROMPTON,short,3,10:10,286.65,287.1,1.3903569747266589,below,288.2,third_back,0.005407291121576876,True,True,True,True,1.5500000000000114,281.99999999999994,15:00,286.0,time,0.41935483870965967,False
2025-10-09,A,LUPIN,long,4,09:50,1978.4,1977.1,0.8351950520577377,above,1965.2,third_back,0.006672058228871838,True,True,True,True,13.200000000000045,2018.0000000000002,10:50,1965.2,stop,-1.0,False
2025-10-10,A,SONACOMS,long,3,09:50,447.2,446.45,0.802952158620469,above,443.3,third_back,0.008720930232558089,True,True,True,True,3.8999999999999773,458.8999999999999,10:10,443.3,stop,-1.0,False
2025-10-13,A,YESBANK,short,4,09:50,23.9,23.94,1.1478246655864601,below,24.01,third_back,0.004602510460251171,True,True,True,True,0.11000000000000298,23.56999999999999,09:55,24.01,stop,-1.0,False
2025-10-14,A,ADANIPORTS,long,4,09:45,1435.3,1434.1,1.1408159118117358,below,1430.5,third_back,0.003344248589145095,True,True,True,False,4.7999999999999545,1449.6999999999998,10:15,1430.5,stop,-1.0,False
2025-10-15,A,ICICIGI,long,1,10:00,1984.0,1981.1,0.4940879950034935,above,1964.4,swing_body,0.00987903225806447,True,True,True,True,19.59999999999991,2042.7999999999997,15:00,2010.9,time,1.3724489795918478,False
2025-10-16,A,AXISBANK,short,4,10:05,1193.9,1198.0,1.268505354802296,below,1201.9,third_back,0.006700728704246586,True,True,True,True,8.0,1169.9,15:00,1195.3,time,-0.17499999999998295,False
2025-10-17,A,DELHIVERY,long,1,10:15,455.3,454.45,0.9642613017679914,above,451.0,swing_body,0.009444322424774899,True,True,True,True,4.300000000000011,468.20000000000005,15:00,465.35,time,2.337209302325578,False
2025-10-20,A,AUBANK,short,2,09:50,837.85,840.85,0.8920138125182386,above,843.55,third_back,0.00680312705138143,True,True,True,False,5.699999999999932,820.7500000000002,10:15,843.55,stop,-1.0,False
2025-10-23,A,GMRAIRPORT,long,3,09:35,92.71,92.7,0.8831880578551344,above,92.0,third_back,0.007658289289181251,True,True,True,True,0.7099999999999937,94.83999999999997,13:05,92.0,stop,-1.0,False
2025-10-24,A,HINDALCO,long,2,09:40,823.1,823.05,1.0886104412745603,above,816.0,third_back,0.00862592637589603,True,True,True,True,7.100000000000023,844.4000000000001,15:00,823.2,time,0.014084507042256679,False
2025-10-27,A,SBILIFE,short,1,10:20,1897.2,1898.0,0.3648575917056964,above,1899.9,third_back,0.0014231499051233637,True,True,True,False,2.7000000000000455,1889.1,10:25,1899.9,stop,-1.0,False
2025-10-28,A,KFINTECH,short,4,10:30,1168.6,1169.9,0.578720990119523,below,1171.9,third_back,0.0028238918363855743,True,True,True,True,3.300000000000182,1158.6999999999994,11:05,1158.6999999999994,target,3.0,False
2025-10-29,A,TVSMOTOR,short,4,09:50,3524.0,3528.3,0.36875573228882363,below,3540.0,third_back,0.004540295119182747,True,True,True,True,16.0,3476.0,15:00,3492.7,time,1.9562500000000114,False
2025-10-30,A,BIOCON,short,4,09:50,373.75,374.95,0.8466297036179932,below,375.8,third_back,0.00548494983277595,True,True,True,True,2.0500000000000114,367.59999999999997,10:20,375.8,stop,-1.0,False
2025-10-31,A,LODHA,long,4,09:50,1204.4,1203.9,0.5202980911089815,above,1198.1,third_back,0.005230820325473415,True,True,True,True,6.300000000000182,1223.3000000000006,10:25,1198.1,stop,-1.0,False
2025-11-03,A,PATANJALI,short,1,09:40,582.5,582.95,1.293432910869365,below,586.7,third_back,0.007210300429184627,True,True,True,True,4.2000000000000455,569.8999999999999,10:50,569.8999999999999,target,3.0,False
2025-11-04,A,AMBUJACEM,short,3,09:35,580.7,581.4,0.6570692262969875,below,584.55,third_back,0.006629929395556929,True,True,True,True,3.849999999999909,569.1500000000003,12:30,569.1500000000003,target,3.0,False
2025-11-06,A,BRITANNIA,short,2,09:55,6097.5,6099.0,0.8644381774051614,below,6113.5,third_back,0.0026240262402624026,True,True,True,True,16.0,6049.5,11:10,6049.5,target,3.0,False
2025-11-07,A,BHARTIARTL,short,1,09:35,2012.3,2016.3,0.525141371349797,below,2029.9,third_back,0.008746210803558186,True,True,True,True,17.600000000000136,1959.4999999999995,15:00,2001.4,time,0.6193181818181692,False
2025-11-10,A,TRENT,short,1,09:35,2896.3,2905.2,0.6884383634049843,below,2913.1,third_back,0.005800504091426899,True,True,True,True,16.799999999999727,2845.900000000001,12:30,2845.900000000001,target,3.0,False
2025-11-11,A,BAJAJFINSV,short,2,09:45,1988.1,1988.9,0.5711222308957241,below,2005.5,third_back,0.008752074845329758,True,True,True,True,17.40000000000009,1935.8999999999996,15:00,1981.9,time,0.35632183908044746,False
2025-11-12,A,PIIND,long,4,09:45,3730.0,3725.9,0.4322771281545522,below,3703.6,third_back,0.007077747989276164,True,True,True,False,26.40000000000009,3809.2000000000003,10:10,3703.6,stop,-1.0,False
2025-11-13,A,PRESTIGE,long,3,10:15,1761.0,1760.8,0.8649996182248283,above,1754.3,third_back,0.003804656445201616,True,True,True,True,6.7000000000000455,1781.1000000000001,10:20,1754.3,stop,-1.0,False
2025-11-14,A,MUTHOOTFIN,long,3,10:05,3706.6,3706.0,0.30006512079288467,above,3696.7,third_back,0.0026709113473264152,True,True,True,True,9.900000000000091,3736.3,11:10,3736.3,target,3.0,False
2025-11-17,A,MARICO,short,2,10:05,755.8,756.55,0.48805699073215864,above,760.0,third_back,0.005557025668166242,True,True,True,False,4.2000000000000455,743.1999999999998,10:35,760.0,stop,-1.0,False
2025-11-18,A,KAYNES,short,3,09:40,5939.5,5951.0,1.0780176674048245,below,5974.0,third_back,0.005808569744928024,True,True,True,True,34.5,5836.0,10:50,5974.0,stop,-1.0,False
2025-11-19,A,SOLARINDS,short,1,09:40,13872.0,13881.0,0.6278957860844201,below,13954.0,third_back,0.00591118800461361,True,True,True,True,82.0,13626.0,15:00,13763.0,time,1.329268292682927,False
2025-11-20,A,NBCC,short,2,09:55,114.53,114.65,0.5329612788946773,below,115.5,third_back,0.008469396664629345,True,True,True,True,0.9699999999999989,111.62,11:20,115.5,stop,-1.0,False
2025-11-21,A,KOTAKBANK,long,2,09:50,420.8,420.1,1.495218510499903,above,420.0,third_back,0.0019011406844106733,True,True,True,True,0.8000000000000114,423.20000000000005,10:15,420.0,stop,-1.0,False
2025-11-24,A,HAL,short,2,09:55,4447.0,4452.0,0.693170423908245,above,4459.6,third_back,0.0028333708117833064,True,True,True,False,12.600000000000364,4409.199999999999,13:45,4459.6,stop,-1.0,False
2025-11-25,A,GVT&D,short,1,10:05,2928.0,2935.4,0.4818803439530966,above,2906.6,swing_body,0.007308743169398938,True,True,True,False,21.40000000000009,2863.7999999999997,10:10,2906.6,stop,-1.0,False
2025-11-26,A,JSWSTEEL,long,3,09:40,1145.0,1144.0,0.6014523786936237,above,1139.5,third_back,0.00480349344978166,True,True,True,True,5.5,1161.5,15:00,1152.5,time,1.3636363636363635,False
2025-11-27,A,ASHOKLEY,long,2,10:05,156.28,155.97,1.2351982605190528,above,154.82,third_back,0.009342206296391143,True,True,True,True,1.460000000000008,160.66000000000003,15:00,158.72,time,1.6712328767123181,False
2025-11-28,A,ASHOKLEY,long,4,09:50,159.04,158.95,1.1868608216419279,above,158.13,third_back,0.0057218309859154715,True,True,True,True,0.9099999999999966,161.76999999999998,11:55,158.13,stop,-1.0,False
2025-12-01,A,HINDZINC,short,2,10:10,495.4,495.5,0.582793703893357,below,497.15,swing_body,0.0035324989907145744,True,True,True,True,1.75,490.15,10:20,497.15,stop,-1.0,False
2025-12-02,A,IDFCFIRSTB,long,3,09:35,82.09,81.99,1.2865909833115088,above,81.54,third_back,0.006699963454744757,True,True,True,True,0.5499999999999972,83.74,15:00,81.94,time,-0.2727272727272845,False
2025-12-03,A,INDIANB,short,2,09:50,810.65,811.1,0.5022209529515513,below,815.95,third_back,0.006537963362733693,True,True,True,True,5.300000000000068,794.7499999999998,10:55,794.7499999999998,target,3.0,False
2025-12-04,A,IEX,long,4,09:40,150.45,150.38,0.35733617789092664,below,149.84,third_back,0.004054503157194984,True,True,True,False,0.6099999999999852,152.27999999999994,09:45,149.84,stop,-1.0,False
2025-12-05,A,INDIGO,short,4,10:10,5325.0,5342.0,1.1812652429722643,below,5364.5,third_back,0.007417840375586854,True,True,True,True,39.5,5206.5,13:05,5364.5,stop,-1.0,False
2025-12-08,A,INDIGO,long,2,10:05,5160.5,5152.0,0.48973526514234084,above,5150.0,third_back,0.0020346865613797113,True,True,True,True,10.5,5192.0,10:10,5150.0,stop,-1.0,False
2025-12-09,A,TIINDIA,short,4,09:50,2538.9,2541.7,0.8817585661038669,below,2547.0,third_back,0.0031903580290676705,True,True,True,True,8.099999999999909,2514.6000000000004,10:05,2547.0,stop,-1.0,False
2025-12-10,A,TIINDIA,short,1,09:40,2715.3,2724.0,0.6215654510491525,above,2732.6,third_back,0.006371303355061955,True,True,True,False,17.299999999999727,2663.400000000001,11:00,2663.400000000001,target,3.0,False
2025-12-11,A,INDIGO,long,4,10:15,4796.5,4788.0,1.0898653946603525,above,4755.0,swing_body,0.008652142187011363,True,True,True,True,41.5,4921.0,15:00,4803.5,time,0.1686746987951807,False
2025-12-12,A,PATANJALI,short,1,10:00,533.1,533.25,0.8035181890527822,below,534.25,third_back,0.002157193772275328,True,True,True,True,1.1499999999999773,529.6500000000001,14:10,534.25,stop,-1.0,False
2025-12-15,A,AMBER,short,4,10:00,6715.5,6717.0,0.6465989180817888,above,6755.0,third_back,0.005881914972824064,True,True,True,False,39.5,6597.0,10:20,6755.0,stop,-1.0,False
2025-12-16,A,SUPREMEIND,long,3,10:15,3380.6,3371.4,1.2400663824237512,above,3362.2,third_back,0.005442820801041262,True,True,True,True,18.40000000000009,3435.8,10:30,3362.2,stop,-1.0,False
2025-12-17,A,POLYCAB,short,1,11:00,7070.5,7072.5,0.7717423157951907,below,7090.0,third_back,0.002757937911038823,True,True,True,True,19.5,7012.0,11:25,7090.0,stop,-1.0,False
2025-12-18,A,HDFCAMC,long,2,10:00,2608.4,2607.4,0.799345185800484,above,2591.3,third_back,0.006555742984204842,True,True,True,True,17.09999999999991,2659.7,13:00,2659.7,target,3.0,False
2025-12-19,A,HYUNDAI,short,2,09:40,2286.7,2288.1,0.3534808797834923,below,2298.7,third_back,0.005247736913456072,True,True,True,True,12.0,2250.7,10:45,2298.7,stop,-1.0,False
2025-12-22,A,CHOLAFIN,short,4,10:35,1620.0,1622.2,0.3729581953751389,below,1627.1,third_back,0.00438271604938266,True,True,True,True,7.099999999999909,1598.7000000000003,11:00,1627.1,stop,-1.0,False
2025-12-23,A,CHOLAFIN,long,2,10:00,1686.2,1678.0,1.1228884288334016,above,1670.5,third_back,0.009310876527102387,True,True,True,True,15.700000000000045,1733.3000000000002,15:00,1681.9,time,-0.27388535031846767,False
2025-12-24,A,COALINDIA,long,1,10:40,407.8,407.35,0.7415919441756645,above,405.95,third_back,0.004536537518391424,True,True,True,True,1.8500000000000227,413.3500000000001,10:55,405.95,stop,-1.0,False
2025-12-26,A,RVNL,long,2,10:20,379.4,377.95,1.1376403219475362,above,377.0,third_back,0.006325777543489661,True,True,True,True,2.3999999999999773,386.5999999999999,10:40,386.5999999999999,target,3.0,False
2025-12-29,A,RVNL,short,2,09:40,380.6,380.9,0.7113914211993799,below,383.75,third_back,0.008276405675249546,True,True,True,True,3.1499999999999773,371.1500000000001,09:45,383.75,stop,-1.0,False
2025-12-30,A,CIPLA,short,4,09:50,1485.1,1486.0,1.5018783823198938,below,1488.0,third_back,0.0019527304558616195,True,True,True,True,2.900000000000091,1476.3999999999996,09:55,1488.0,stop,-1.0,False
2025-12-31,A,JSWSTEEL,long,2,09:50,1162.8,1162.0,0.8375663206652687,above,1159.1,third_back,0.0031819745442036858,True,True,True,True,3.7000000000000455,1173.9,15:00,1166.5,time,1.0,False
2026-01-01,A,GODFRYPHLP,short,2,10:05,2499.8,2506.3,1.5118974138213046,below,2524.7,third_back,0.009960796863748953,True,True,True,True,24.899999999999636,2425.1000000000013,11:40,2425.1000000000013,target,3.0,False
2026-01-02,A,ITC,long,2,10:15,334.95,334.0,1.059980651494322,below,331.85,third_back,0.009255112703388463,True,True,True,False,3.099999999999966,344.2499999999999,15:00,334.15,time,-0.25806451612903875,False
2026-01-05,A,ONGC,short,4,10:00,231.6,232.4,1.1086714081611937,below,233.8,third_back,0.009499136442141697,True,True,True,True,2.200000000000017,224.99999999999994,15:00,232.55,time,-0.4318181818181862,False
2026-01-06,A,UNIONBANK,long,4,10:00,167.03,166.95,1.4857973769111712,above,165.6,third_back,0.00856133628689461,True,True,True,True,1.4300000000000068,171.32000000000002,14:10,165.6,stop,-1.0,False
2026-01-07,A,KALYANKJIL,short,3,09:35,504.35,507.35,1.8760984480005594,below,509.3,third_back,0.00981461286804796,True,True,True,True,4.949999999999989,489.50000000000006,09:50,509.3,stop,-1.0,False
2026-01-08,A,ANGELONE,short,3,10:05,244.5,244.6,0.9484494734320373,below,245.8,third_back,0.0053169734151329705,True,True,True,True,1.3000000000000114,240.59999999999997,10:30,245.8,stop,-1.0,False
2026-01-09,A,INDUSTOWER,short,1,10:30,441.15,441.3,0.974136793982117,below,444.95,swing_body,0.00861385016434322,True,True,True,True,3.8000000000000114,429.74999999999994,15:00,433.65,time,1.97368421052631,False
2026-01-12,A,SBICARD,long,4,11:05,849.45,849.0,0.8941106048273306,below,847.1,third_back,0.0027664959679793073,True,True,True,False,2.3500000000000227,856.5000000000001,11:20,847.1,stop,-1.0,False
2026-01-13,A,ALKEM,short,3,09:55,5832.0,5834.5,1.3628626555805232,below,5843.0,swing_body,0.0018861454046639231,True,True,True,True,11.0,5799.0,10:00,5843.0,stop,-1.0,False
2026-01-14,A,ICICIGI,short,2,10:10,1875.0,1880.5,1.4859924913795155,below,1889.3,third_back,0.007626666666666643,True,True,True,True,14.299999999999955,1832.1000000000001,11:15,1832.1000000000001,target,3.0,False
2026-01-16,A,AUBANK,long,2,09:50,996.05,992.45,1.635380786447578,above,989.15,third_back,0.006927363084182498,True,True,True,True,6.899999999999977,1016.7499999999999,14:00,1016.7499999999999,target,3.0,False
2026-01-19,A,WIPRO,long,3,09:55,242.3,242.15,0.374563685312045,below,240.3,third_back,0.008254230293025175,True,True,True,False,2.0,248.3,12:55,240.3,stop,-1.0,False
2026-01-20,A,OBEROIRLTY,short,1,10:05,1557.9,1560.0,0.7486543917063339,below,1570.6,third_back,0.008151999486488103,True,True,True,True,12.699999999999818,1519.8000000000006,10:10,1570.6,stop,-1.0,False
2026-01-21,A,SRF,short,1,10:40,2747.0,2747.9,0.6261132638813289,below,2773.5,third_back,0.009646887513651257,True,True,True,True,26.5,2667.5,15:00,2686.1,time,2.298113207547173,False
2026-01-22,A,DRREDDY,long,3,09:55,1217.2,1214.2,0.813067254585064,above,1207.4,third_back,0.00805126519881692,True,True,True,True,9.799999999999955,1246.6,15:00,1217.6,time,0.040816326530598517,False
2026-01-23,A,APLAPOLLO,long,1,10:10,2040.1,2038.1,0.8478957149524985,above,2031.0,third_back,0.004460565658546105,True,True,True,True,9.099999999999909,2067.3999999999996,11:45,2031.0,stop,-1.0,False
2026-01-27,A,ULTRACEMCO,short,3,10:30,12657.0,12666.0,1.356319611689512,above,12710.0,third_back,0.004187406178399305,True,True,True,False,53.0,12498.0,12:20,12710.0,stop,-1.0,False
2026-01-28,A,OIL,long,1,09:50,488.25,487.7,1.7553573207504618,above,484.8,third_back,0.0070660522273425265,True,True,True,True,3.4499999999999886,498.59999999999997,10:00,484.8,stop,-1.0,False
2026-01-29,A,SBICARD,short,1,10:15,770.25,770.35,0.38410241735040046,below,774.55,third_back,0.0055826030509574225,True,True,True,True,4.2999999999999545,757.3500000000001,10:25,774.55,stop,-1.0,False
2026-01-30,A,AUROPHARMA,long,1,09:45,1205.0,1204.3,0.324051004913638,above,1194.5,third_back,0.008713692946058092,True,True,True,True,10.5,1236.5,10:05,1194.5,stop,-1.0,False
2026-02-01,A,MUTHOOTFIN,short,3,09:50,3595.7,3596.1,0.3554122035489157,below,3616.9,third_back,0.005895931251216807,True,True,True,True,21.200000000000273,3532.099999999999,10:20,3616.9,stop,-1.0,False
2026-02-02,A,HINDPETRO,long,3,09:45,442.5,441.7,0.6465226531646181,above,440.05,third_back,0.0055367231638417825,True,True,True,True,2.4499999999999886,449.84999999999997,10:20,449.84999999999997,target,3.0,False
2026-02-03,A,BHARATFORG,short,1,09:50,1561.6,1568.7,0.5453717361790865,above,1573.8,third_back,0.00781250000000003,True,True,True,False,12.200000000000045,1524.9999999999998,15:00,1539.1,time,1.8442622950819603,False
2026-02-04,A,HAL,short,3,09:50,4178.0,4199.0,1.0686268083572703,below,4215.0,third_back,0.008855911919578746,True,True,True,True,37.0,4067.0,10:10,4215.0,stop,-1.0,False
2026-02-05,A,HAL,short,3,09:50,3963.1,3970.4,0.726470846915115,below,3984.0,third_back,0.005273649415861344,True,True,True,True,20.90000000000009,3900.3999999999996,10:45,3984.0,stop,-1.0,False
2026-02-06,A,LICI,long,2,10:15,449.8,448.1,0.9130153591665535,above,445.45,third_back,0.009670964873277062,True,True,True,True,4.350000000000023,462.8500000000001,15:00,449.6,time,-0.04597701149425002,False
2026-02-09,A,SHREECEM,short,3,09:50,26520.0,26530.0,0.670046565170428,below,26700.0,third_back,0.006787330316742082,True,True,True,True,180.0,25980.0,10:05,26700.0,stop,-1.0,False
2026-02-10,A,BSE,long,2,09:45,3184.2,3174.8,1.4854148340303237,above,3156.3,third_back,0.008762012436404634,True,True,True,True,27.899999999999636,3267.8999999999987,10:10,3156.3,stop,-1.0,False
2026-02-11,A,TITAN,short,4,09:35,4307.8,4309.9,0.7783895999257822,below,4348.7,third_back,0.009494405497005347,True,True,True,True,40.899999999999636,4185.100000000001,09:55,4348.7,stop,-1.0,False
2026-02-12,A,MFSL,short,3,10:05,1742.0,1742.5,0.8143283582750802,below,1747.6,third_back,0.0032146957520091325,True,True,True,True,5.599999999999909,1725.2000000000003,10:15,1747.6,stop,-1.0,False
2026-02-13,A,BHARATFORG,short,4,12:05,1757.5,1761.8,0.8883862266190988,above,1767.9,third_back,0.005917496443812285,True,True,True,False,10.400000000000091,1726.2999999999997,15:00,1748.6,time,0.8557692307692321,False
2026-02-16,A,GMRAIRPORT,long,2,09:50,99.32,99.14,0.8346215371220568,above,99.04,third_back,0.0028191703584372427,True,True,True,True,0.2799999999999869,100.15999999999995,09:55,99.04,stop,-1.0,False
2026-02-17,A,COCHINSHIP,short,2,09:55,1543.0,1544.0,0.5904587428221565,below,1553.5,third_back,0.006804925469863901,True,True,True,True,10.5,1511.5,15:00,1531.6,time,1.0857142857142943,False
2026-02-18,A,GODFRYPHLP,long,1,10:10,2302.9,2295.0,1.1184654480328706,above,2285.0,third_back,0.007772808198358631,True,True,True,True,17.90000000000009,2356.6000000000004,10:35,2285.0,stop,-1.0,False
2026-02-19,A,TIINDIA,long,3,10:25,2508.4,2503.8,0.7549286111323931,above,2499.0,third_back,0.0037474087067453717,True,True,True,True,9.400000000000091,2536.6000000000004,10:55,2499.0,stop,-1.0,False
2026-02-20,A,BAJAJHLDNG,long,4,09:45,11029.0,11014.0,0.709373368013147,below,10984.0,third_back,0.004080152325686826,True,True,True,False,45.0,11164.0,10:40,11164.0,target,3.0,False
2026-02-23,A,AUBANK,short,1,10:20,961.3,962.9,0.5879634186203495,below,965.0,third_back,0.0038489545407261474,True,True,True,True,3.7000000000000455,950.1999999999998,13:20,965.0,stop,-1.0,False
2026-02-24,A,UPL,short,3,09:50,640.0,640.05,0.6489778937261026,below,643.25,third_back,0.005078125,True,True,True,True,3.25,630.25,12:45,630.25,target,3.0,False
2026-02-25,A,IDFCFIRSTB,short,4,10:00,70.38,70.39,0.4034589672485883,below,70.53,third_back,0.0021312872975277875,True,True,True,True,0.15000000000000568,69.92999999999998,10:10,70.53,stop,-1.0,False
2026-02-26,A,ETERNAL,long,3,10:15,250.8,250.4,1.0814224570560562,below,248.4,third_back,0.009569377990430644,True,True,True,False,2.4000000000000057,258.0,13:10,248.4,stop,-1.0,False
2026-02-27,A,TATACONSUM,short,4,09:40,1145.8,1146.5,0.9892563255671103,below,1151.3,third_back,0.004800139640425903,True,True,True,True,5.5,1129.3,15:00,1149.2,time,-0.6181818181818347,False
2026-03-02,A,LAURUSLABS,long,2,09:50,1070.4,1068.3,1.0767587024143725,above,1066.1,third_back,0.0040171898355756555,True,True,True,True,4.300000000000182,1083.3000000000006,10:10,1066.1,stop,-1.0,False
2026-03-04,A,BHARTIARTL,long,3,10:05,1863.1,1862.1,0.7099902870539644,above,1853.2,third_back,0.005313724437764942,True,True,True,True,9.899999999999864,1892.7999999999995,11:10,1892.7999999999995,target,3.0,False
2026-03-05,A,PETRONET,long,3,10:05,285.5,285.05,0.5027293400718138,above,283.25,third_back,0.00788091068301226,True,True,True,True,2.25,292.25,10:35,283.25,stop,-1.0,False
2026-03-06,A,BLUESTARCO,long,3,10:00,1969.0,1967.9,0.6841785736568093,above,1952.1,swing_body,0.008583037074657232,True,True,True,True,16.90000000000009,2019.7000000000003,10:15,1952.1,stop,-1.0,False
2026-03-09,A,HINDPETRO,long,2,09:50,378.8,378.2,0.6989841305392389,below,375.55,third_back,0.008579725448785639,True,True,True,False,3.25,388.55,10:55,388.55,target,3.0,False
2026-03-10,A,GLENMARK,long,4,09:40,2178.5,2173.8,1.4981567388276802,above,2165.5,third_back,0.005967408767500574,True,True,True,True,13.0,2217.5,09:55,2165.5,stop,-1.0,False
2026-03-11,A,ICICIGI,short,3,10:05,1871.6,1872.0,1.0866766943532287,below,1879.8,third_back,0.0043812780508655945,True,True,True,True,8.200000000000045,1846.9999999999998,10:55,1879.8,stop,-1.0,False
2026-03-12,A,BHARTIARTL,long,2,09:40,1798.8,1797.1,0.8931032778927648,above,1795.7,third_back,0.001723371136313047,True,True,True,True,3.099999999999909,1808.0999999999997,09:50,1808.0999999999997,target,3.0,False
2026-03-13,A,JSWENERGY,short,2,09:35,519.1,519.45,1.0744747780479524,below,524.0,third_back,0.009439414371026732,True,True,True,True,4.899999999999977,504.4000000000001,15:00,512.1,time,1.4285714285714353,False
2026-03-16,A,ULTRACEMCO,long,4,11:00,10937.0,10934.0,0.7865130584240964,above,10888.0,swing_body,0.004480204809362714,True,True,True,True,49.0,11084.0,14:30,11084.0,target,3.0,False
2026-03-17,A,ADANIPOWER,long,4,09:40,155.9,155.75,0.30315064960777627,below,155.22,third_back,0.00436177036561903,True,True,True,False,0.6800000000000068,157.94000000000003,10:35,155.22,stop,-1.0,False
2026-03-18,A,TATAELXSI,long,3,09:55,4237.9,4233.0,0.6321288765681464,above,4214.8,third_back,0.005450812902616734,True,True,True,True,23.099999999999454,4307.199999999998,11:40,4307.199999999998,target,3.0,False
2026-03-19,A,GRASIM,short,2,10:15,2639.7,2645.4,0.6451092572446439,below,2650.8,third_back,0.004205023298102195,True,True,True,True,11.100000000000364,2606.3999999999987,15:00,2613.3,time,2.3783783783782675,False
2026-03-20,A,HDFCBANK,long,3,10:35,783.55,783.2,0.6765611499846075,below,781.2,third_back,0.0029991704422179938,True,True,True,False,2.349999999999909,790.5999999999997,10:50,781.2,stop,-1.0,False
2026-03-23,A,GRASIM,short,1,09:45,2550.6,2551.2,1.3318602062445442,below,2562.3,third_back,0.004587155963302859,True,True,True,True,11.700000000000273,2515.499999999999,13:05,2515.499999999999,target,3.0,False
2026-03-24,A,LODHA,short,2,10:00,726.25,728.85,0.7654208119410102,below,731.9,third_back,0.007779690189328712,True,True,True,True,5.649999999999977,709.3000000000001,12:40,731.9,stop,-1.0,False
2026-03-25,A,UNITDSPR,short,2,09:45,1318.4,1318.5,0.9672028660572948,below,1328.9,third_back,0.007964199029126214,True,True,True,True,10.5,1286.9,15:00,1316.9,time,0.14285714285714285,False
2026-03-27,A,BPCL,short,2,10:05,282.45,282.5,0.38983419367413297,below,284.8,third_back,0.008320056647194275,True,True,True,True,2.3500000000000227,275.3999999999999,11:35,284.8,stop,-1.0,False
2026-03-30,A,HYUNDAI,short,4,10:10,1776.0,1776.8,0.21120813374967617,below,1779.0,third_back,0.0016891891891891893,True,True,True,True,3.0,1767.0,10:25,1779.0,stop,-1.0,False
2026-04-01,A,PREMIERENE,short,1,09:35,890.3,890.85,1.0021410480854893,below,899.05,third_back,0.009828147815343143,True,True,True,True,8.75,864.05,09:50,899.05,stop,-1.0,False
2026-04-02,A,PRESTIGE,short,3,09:45,1098.8,1101.5,0.8208747048322966,below,1106.9,third_back,0.007371678194394008,True,True,True,True,8.100000000000136,1074.4999999999995,11:25,1106.9,stop,-1.0,False
2026-04-06,A,RBLBANK,long,1,10:30,311.5,310.8,1.0375057292636034,above,308.85,swing_body,0.008507223113964613,True,True,True,True,2.6499999999999773,319.44999999999993,13:10,319.44999999999993,target,3.0,False
2026-04-07,A,JUBLFOOD,short,1,10:50,424.25,426.05,0.8219632825378282,below,427.65,third_back,0.008014142604596293,True,True,True,True,3.3999999999999773,414.05000000000007,11:15,414.05000000000007,target,3.0,False
2026-04-08,A,JUBLFOOD,long,4,10:40,440.85,440.6,0.4666878688435571,above,440.1,third_back,0.001701258931609391,True,True,True,True,0.75,443.1,10:45,440.1,stop,-1.0,False
2026-04-09,A,360ONE,long,2,11:10,995.4,995.3,0.9721099801481548,above,989.6,third_back,0.00582680329515768,True,True,True,True,5.7999999999999545,1012.7999999999998,12:20,1012.7999999999998,target,3.0,False
2026-04-10,A,WIPRO,short,3,09:35,205.38,205.68,0.853042778899305,below,206.61,third_back,0.0059888986269355255,True,True,True,True,1.2300000000000182,201.68999999999994,10:50,201.68999999999994,target,3.0,False
2026-04-13,A,COALINDIA,short,3,09:45,431.65,433.5,0.8873359744232127,below,433.8,third_back,0.0049808872929457525,True,True,True,True,2.150000000000034,425.1999999999999,09:55,433.8,stop,-1.0,False
2026-04-15,A,SONACOMS,short,4,09:45,576.0,577.25,1.7251059035737506,below,580.9,third_back,0.008506944444444406,True,True,True,True,4.899999999999977,561.3000000000001,11:35,580.9,stop,-1.0,False
2026-04-16,A,SIEMENS,short,3,10:40,3553.0,3556.7,1.1187567779434486,below,3578.9,third_back,0.00728961441035747,True,True,True,True,25.90000000000009,3475.2999999999997,11:10,3578.9,stop,-1.0,False
2026-04-17,A,ANGELONE,short,2,09:40,299.64,299.74,1.461056665698273,below,302.46,third_back,0.009411293552262693,True,True,True,True,2.819999999999993,291.18,11:15,302.46,stop,-1.0,False
2026-04-20,A,BHEL,long,3,09:50,327.8,326.1,1.825980653567798,above,325.0,third_back,0.00854179377669314,True,True,True,True,2.8000000000000114,336.20000000000005,15:00,327.52,time,-0.10000000000001015,False
2026-04-21,A,LICHSGFIN,long,4,10:05,554.45,553.9,1.527123194513788,above,551.0,third_back,0.006222382541257183,True,True,True,True,3.4500000000000455,564.8000000000002,11:15,564.8000000000002,target,3.0,False
2026-04-22,A,TATAELXSI,short,4,09:55,4464.8,4465.1,0.5677217065871483,below,4480.5,third_back,0.0035163949113061767,True,True,True,True,15.699999999999818,4417.700000000001,11:45,4417.700000000001,target,3.0,False
2026-04-23,A,HAVELLS,short,1,10:05,1270.0,1271.0,0.5603324920415971,below,1275.7,third_back,0.004488188976377989,True,True,True,True,5.7000000000000455,1252.8999999999999,15:00,1258.0,time,2.10526315789472,False
2026-04-24,A,DRREDDY,long,2,09:40,1326.2,1326.0,0.4816875173683874,above,1313.3,third_back,0.009727039662192799,True,True,True,True,12.900000000000091,1364.9000000000003,10:10,1313.3,stop,-1.0,False
2026-04-27,A,INDUSINDBK,long,4,10:25,881.95,881.05,0.591159175088716,above,880.55,third_back,0.0015873915754862416,True,True,True,True,1.400000000000091,886.1500000000003,10:30,880.55,stop,-1.0,False
2026-04-28,A,PHOENIXLTD,short,3,09:50,1748.0,1748.1,0.5593780943104563,below,1763.8,third_back,0.009038901601830638,True,True,True,True,15.799999999999955,1700.6000000000001,10:00,1763.8,stop,-1.0,False
2026-04-29,A,BANDHANBNK,long,1,10:35,198.47,198.32,1.032932143216557,above,197.41,third_back,0.005340857560336586,True,True,True,True,1.0600000000000023,201.65,12:00,201.65,target,3.0,False
2026-04-30,A,MOTILALOFS,long,3,10:35,800.15,798.6,0.38229077560942026,above,798.4,third_back,0.00218708992063988,True,True,True,True,1.75,805.4,10:50,798.4,stop,-1.0,False
2026-05-04,A,KOTAKBANK,long,1,10:15,375.55,374.95,0.43379366994999186,below,373.15,swing_body,0.0063906270802823436,True,True,True,False,2.400000000000034,382.7500000000001,11:35,373.15,stop,-1.0,False
2026-05-05,A,KEI,long,2,10:20,4900.1,4900.0,0.711251008334182,below,4871.0,third_back,0.005938654313177356,True,True,True,False,29.100000000000364,4987.4000000000015,12:10,4987.4000000000015,target,3.0,False
2026-05-06,A,COFORGE,long,1,10:15,1265.0,1264.8,0.7119823330358712,above,1262.0,third_back,0.0023715415019762848,True,True,True,True,3.0,1274.0,10:20,1262.0,stop,-1.0,False
2026-05-07,A,BAJAJ-AUTO,long,1,10:30,10598.5,10577.5,1.244044282811972,above,10530.0,third_back,0.006463178751710147,True,True,True,True,68.5,10804.0,15:00,10613.0,time,0.2116788321167883,False
2026-05-08,A,DABUR,short,4,09:55,471.85,472.0,0.6237598458122847,below,474.3,third_back,0.00519232807036132,True,True,True,True,2.4499999999999886,464.50000000000006,10:05,474.3,stop,-1.0,False
2026-05-11,A,ABB,short,2,10:30,6396.0,6396.5,0.45139630951259124,below,6435.5,third_back,0.00617573483427142,True,True,True,True,39.5,6277.5,15:00,6385.5,time,0.26582278481012656,False
2026-05-12,A,JSWENERGY,long,3,10:10,528.75,527.6,0.8336992454031534,below,524.4,third_back,0.008226950354609972,True,True,True,False,4.350000000000023,541.8000000000001,10:45,524.4,stop,-1.0,False
2026-05-13,A,DRREDDY,long,2,09:45,1272.0,1271.5,0.5921542905076633,above,1260.6,third_back,0.008962264150943467,True,True,True,True,11.400000000000091,1306.2000000000003,10:45,1260.6,stop,-1.0,False
2026-05-14,A,CIPLA,short,1,09:40,1396.3,1396.6,0.7021118853694946,above,1408.8,third_back,0.00895223089593927,True,True,True,False,12.5,1358.8,09:45,1408.8,stop,-1.0,False
2026-05-15,A,TMPV,short,2,10:05,353.05,353.55,0.5241326131320897,above,355.3,third_back,0.006373034980880895,True,True,True,False,2.25,346.3,10:30,355.3,stop,-1.0,False
2026-05-18,A,SOLARINDS,short,3,10:00,17397.0,17409.0,0.6106932596286259,below,17544.0,third_back,0.008449732712536644,True,True,True,True,147.0,16956.0,10:15,17544.0,stop,-1.0,False
2026-05-19,A,AMBER,short,4,09:45,7027.0,7065.0,0.9650132074335034,below,7096.0,third_back,0.009819268535648214,True,True,True,True,69.0,6820.0,10:10,7096.0,stop,-1.0,False
2026-05-20,A,MANKIND,long,2,09:45,2565.4,2557.6,1.0505113080141983,above,2543.2,third_back,0.00865362126763868,True,True,True,True,22.200000000000273,2632.000000000001,10:05,2543.2,stop,-1.0,False
2026-05-21,A,GRASIM,long,3,10:00,3094.1,3086.9,0.501088645518796,above,3068.1,third_back,0.00840308975146246,True,True,True,True,26.0,3172.1,13:55,3172.1,target,3.0,False
2026-05-22,A,LICI,short,1,10:35,407.05,407.8,0.6497429023938974,below,408.75,third_back,0.0041763911067436155,True,True,True,True,1.6999999999999886,401.95000000000005,10:40,408.75,stop,-1.0,False
2026-05-25,A,INDIGO,long,1,10:15,4534.6,4526.5,1.099275277631515,above,4521.6,third_back,0.0028668460283156174,True,True,True,True,13.0,4573.6,10:45,4521.6,stop,-1.0,False
2026-05-26,A,PREMIERENE,long,3,09:55,1009.5,1008.7,0.6239885457668738,above,1003.1,third_back,0.006339772164437818,True,True,True,True,6.399999999999977,1028.6999999999998,15:00,1017.6,time,1.265625000000008,False
2026-05-27,A,HDFCBANK,short,4,09:50,763.5,763.75,0.41442223302206294,below,765.0,third_back,0.0019646365422396855,True,True,True,True,1.5,759.0,10:15,765.0,stop,-1.0,False
2026-05-29,A,ALKEM,long,1,10:10,5696.0,5691.5,0.630135971881461,above,5655.5,third_back,0.007110252808988764,True,True,True,True,40.5,5817.5,10:20,5655.5,stop,-1.0,False
2026-06-01,A,IREDA,short,4,10:25,127.33,127.49,0.5463579845804301,below,128.23,third_back,0.0070682478598915535,True,True,True,True,0.8999999999999915,124.63000000000002,10:45,128.23,stop,-1.0,False
2026-06-02,A,NMDC,long,3,10:00,96.64,96.36,1.477186161507867,above,96.04,third_back,0.00620860927152312,True,True,True,True,0.5999999999999943,98.43999999999998,10:10,96.04,stop,-1.0,False
2026-06-03,A,TCS,short,2,09:50,2284.7,2284.9,0.6993625496771988,below,2299.9,third_back,0.006652952247559974,True,True,True,True,15.200000000000273,2239.099999999999,11:50,2239.099999999999,target,3.0,False
2026-06-04,A,FEDERALBNK,long,3,09:50,302.2,302.0,0.9153162626016764,above,301.65,third_back,0.001819986763732665,True,True,True,True,0.5500000000000114,303.85,10:15,301.65,stop,-1.0,False
2026-06-05,A,WIPRO,long,2,09:50,196.75,196.21,0.7547955640920047,above,195.32,third_back,0.007268106734434596,True,True,True,True,1.4300000000000068,201.04000000000002,12:50,195.32,stop,-1.0,False
2026-06-08,A,PATANJALI,long,3,09:50,423.3,422.45,0.7535102694202936,above,420.8,third_back,0.005905976848570754,True,True,True,True,2.5,430.8,10:05,420.8,stop,-1.0,False
2026-06-09,A,HDFCLIFE,long,4,09:35,571.0,570.85,0.6879129506864774,above,568.25,third_back,0.004816112084063047,True,True,True,True,2.75,579.25,09:45,568.25,stop,-1.0,False
2026-06-10,A,HINDUNILVR,long,2,09:45,2199.1,2191.5,1.3084587371658345,above,2179.0,third_back,0.009140102769314679,True,True,True,True,20.09999999999991,2259.3999999999996,10:55,2179.0,stop,-1.0,False
2026-06-11,A,ICICIBANK,long,2,10:05,1314.7,1311.3,1.6451194339791075,above,1302.0,swing_body,0.00965999847874043,True,True,True,True,12.700000000000045,1352.8000000000002,15:00,1317.2,time,0.1968503937007867,False
2026-06-12,A,BOSCHLTD,short,2,09:55,38690.0,38775.0,0.8984479653130794,above,38835.0,third_back,0.0037477384337037995,True,True,True,False,145.0,38255.0,10:05,38835.0,stop,-1.0,False
2026-06-15,A,PETRONET,long,4,10:00,287.2,286.85,1.1084362293386982,above,284.6,swing_body,0.009052924791086233,True,True,True,True,2.599999999999966,294.9999999999999,15:00,286.55,time,-0.24999999999999453,False
2026-06-16,A,BAJAJFINSV,long,2,09:45,1781.5,1779.8,0.8876857864481827,above,1776.2,third_back,0.002975021049677213,True,True,True,True,5.2999999999999545,1797.3999999999999,10:45,1797.3999999999999,target,3.0,False
2026-06-17,A,ICICIGI,long,1,09:40,1780.9,1779.8,0.4292168030396345,above,1776.7,third_back,0.002358358133528017,True,True,True,True,4.2000000000000455,1793.5000000000002,09:55,1793.5000000000002,target,3.0,False
2026-06-18,A,RADICO,short,3,09:55,3612.0,3615.5,0.6447361782768405,above,3628.0,third_back,0.004429678848283499,True,True,True,False,16.0,3564.0,10:20,3628.0,stop,-1.0,False
2026-06-19,A,AMBER,short,1,10:20,8008.0,8021.0,0.7460439888845354,below,8036.0,third_back,0.0034965034965034965,True,True,True,True,28.0,7924.0,10:30,7924.0,target,3.0,False
